bfarch,seed,omega,error_pct,error_pct_raw,var_EL,deff,dx_mag,alive,bf_rank,T_full,Vc_full,dE_backflow,dT_backflow,dVc_backflow,err_pct_nobf,dE_msg,dT_msg,dVc_msg,dE_bf_over_w,dE_msg_over_w,N
conv,0,0.01,0.5821610075011235,0.5815331269016704,0.0003973876964900936,1.0727133378411469,0.13752756869648428,True,1.0,0.0845026721655408,1.5473407858497066,0.000798002368743056,-0.00046769746294508807,0.00044304687579677093,0.5854913237930032,nan,nan,nan,0.0798002368743056,nan,12
conv,0,0.1,0.14442978465377945,0.14408757952585968,0.012233055361536049,5.63752322070781,0.15414645343563502,True,21.73291729864329,0.7766697086545058,7.211507129104049,0.08463145073347356,0.1241730764624367,0.244559519228158,0.8508796843965996,nan,nan,nan,0.8463145073347356,nan,12
conv,0,0.28,0.09439818962207432,0.09562389084807657,0.052472739219321274,6.435275711159554,0.12404228962071102,True,21.81969493281447,2.12520572226856,14.217001678580324,0.15708046858048874,0.558514324151953,0.4237606493951507,0.7295879563248919,nan,nan,nan,0.5610016735017455,nan,12
conv,0,0.5,0.050631585998258,0.0505008386328601,0.11608666727019037,4.8587612484162,0.10092595132061512,True,21.80762103794568,4.190120746635097,20.554233514057035,0.2144065548193197,0.3372964231189455,0.4441080277610645,0.6584827328431988,nan,nan,nan,0.4288131096386394,nan,12
conv,0,1.0,0.08193144448597774,0.08179852420550754,0.35365770471046043,3.937048239544202,0.08489993835035166,True,22.10676852891584,8.572166161606518,31.978519255737964,0.14322162123899318,0.542737409518006,-0.24791938908489541,0.23182892789114581,nan,nan,nan,0.14322162123899318,nan,12
conv,1,0.01,0.5057930247733389,0.49899187072254025,0.0003977919298591114,1.063465039072059,0.12237259944859391,True,1.0,0.08425554410431227,1.5452552111366096,0.001107703378868674,-0.0013509615982245649,-0.0005350953901572808,0.6218776268449406,nan,nan,nan,0.11077033788686741,nan,12
conv,1,0.1,0.17057281791596104,0.16579577342484275,0.0141914026182892,6.198063289011287,0.15680329007419672,True,21.689362793559173,0.7887361623372974,7.193430206711631,0.08134066829008724,0.12364422254275675,0.21291993598360826,0.7923954670339043,nan,nan,nan,0.8134066829008724,nan,12
conv,1,0.28,0.07040346007454062,0.06970346051508562,0.05275565390623635,6.869458185207485,0.12918425295408537,True,21.74017312962394,2.070412789142482,14.137056449983273,0.16880537704520293,0.4770768976487849,0.28610175275365,0.7401288135692861,nan,nan,nan,0.6028763465900104,nan,12
conv,1,0.5,0.055087760399172,0.055339269045314644,0.11658749401681279,5.5136042422431375,0.10820107427368977,True,21.7592171861195,5.477469394284987,20.532253968238138,0.13531580138482013,-0.7172929095364093,0.2091277480990037,0.4514998818433592,nan,nan,nan,0.27063160276964027,nan,12
conv,1,1.0,0.0053677783144788415,0.0054130765748350695,0.39772068630733426,4.218685508641624,0.08917745333011819,True,22.331517840660325,9.30048407753767,32.05959719535189,0.17660645842741474,-0.14932258147021038,-0.5095616494862476,0.2476908799325688,nan,nan,nan,0.17660645842741474,nan,12
ctnn,0,0.01,-0.005379401954181515,-0.006449000829355424,0.00014154827251458142,9.298793245562281,0.08755476009001288,True,20.577837170424054,0.07625331738143824,1.548342712470544,0.06245265538466249,-0.011373520488414612,0.07699669419550847,2.518802650076005,0.06321951158436301,-0.004477140784751546,0.10305927618177302,6.245265538466249,6.321951158436301,12
ctnn,0,0.1,-0.004026043205337904,0.0041134877809147555,0.0030392097382424847,5.389091619893254,0.14739447884808915,True,18.64547045001477,0.7720135496770151,7.195617019794387,0.11916391507564761,0.13722391076984963,0.3644247623750223,0.9455161957239062,0.08382075781865161,0.0943939807488734,0.18498833897600342,1.191639150756476,0.8382075781865161,12
ctnn,0,0.28,-0.02362297692656747,-0.027032990693782136,0.012537534369067809,4.417238386820567,0.14002106494714142,True,20.670867838935884,2.3576201228025186,14.102401763881518,0.20265593633803292,0.210966111926155,0.6046371138166471,0.7772408258828566,0.15423492545555106,0.19326363035934957,0.23775121921747377,0.7237712012072604,0.5508390194841108,12
ctnn,0,0.5,0.0070582186317445636,0.006292264152493655,0.03366818917366303,3.992592386887054,0.1605120804828867,True,21.365325728765416,3.977782854155142,20.616257958878684,0.2277393493969342,0.5607603105722352,0.09353207060525648,0.5454026302585308,0.2158683006521116,0.441250719416153,0.2313940433968611,0.4554786987938684,0.4317366013042232,12
ctnn,0,1.0,-0.009440153439267204,-0.008188239433353344,0.1257628080057154,3.8967329099157237,0.12467092289814398,True,20.860043363376395,9.519003099032116,32.475579714950726,0.1598942596026376,-0.07656719183323446,-0.7754955514194783,0.23208779609282826,0.23057221299254138,-0.6333915322434542,-0.3419311812514607,0.1598942596026376,0.23057221299254138,12
ctnn,1,0.01,-0.0037598589780803893,-0.0012501734410508638,0.0001288370760714813,9.204794274501527,0.08566549727277106,True,21.039382430923887,0.07547428716881982,1.5495601503583283,0.06584441065230573,-0.013597943715679982,0.07666398418903575,2.6392680077113524,0.06726547533628091,-0.012523621697298093,0.09620659456988889,6.584441065230573,6.726547533628091,12
ctnn,1,0.1,0.01741950501308705,0.019314930425790397,0.0033206964232127636,5.124433259879076,0.1454450259480992,True,17.726452742013677,0.7565891603582322,7.188058267796674,0.10027703642143138,0.15642288811523386,0.38484166476044557,0.8059523641835443,0.0916155866110735,0.06410752853080814,0.18800217964486343,1.0027703642143138,0.916155866110735,12
ctnn,1,0.28,-0.02486244430632958,-0.021544373435844887,0.013950180749751054,4.362163044366778,0.13502737964883693,True,20.250951591784684,2.250350032793143,14.214252454785791,0.18787182516180678,0.2637545112271611,0.44031473083329864,0.727031032437103,0.13468707755850673,0.250012146231235,0.24950290032513145,0.6709708041493099,0.48102527699466685,12
ctnn,1,0.5,-0.022815310534657792,-0.02288980814331949,0.037474295630225175,4.069485954438355,0.1497957930682911,True,21.513149364289657,4.049899965017288,20.64788927707167,0.1709460199479338,0.42193756587442355,-0.024811086839349628,0.41580600139985174,0.1672430918611738,0.3645327226278612,0.13181472672380679,0.3418920398958676,0.3344861837223476,12
ctnn,1,1.0,7.653289896649031e-05,0.00010647569686351852,0.15109111550841595,3.9107082626349388,0.1354314116180802,True,20.70151991599058,8.881996111774516,32.13672435207472,0.20070688193308683,0.21759127442703985,-0.8028971259156314,0.2973116752213167,0.3014175244395574,0.5502011983127559,-0.22800237290579872,0.20070688193308683,0.3014175244395574,12
conv,0,0.1,0.1920645780238363,0.1920645780238363,0.03807143301539253,4.080211979646013,0.1039526360589118,True,37.64626324425248,1.4210559631262643,18.12560430918871,0.0659272930652115,0.05364507654372486,0.007441868592984235,0.407197979656866,nan,nan,nan,0.659272930652115,nan,20
conv,0,0.28,0.1358403370285422,0.13552262856735342,0.1410909981713132,3.8965884962921113,0.09213901748665532,True,38.273362703989626,4.088769810851296,35.62582658806223,0.14769300729574297,0.42184900475415965,-0.09803737565996329,0.3534986388160959,nan,nan,nan,0.5274750260562249,nan,20
conv,0,0.5,0.07469265173412333,0.07380937963575006,0.3099668484142573,3.1909076868354878,0.07847298157053346,True,38.67386002399082,8.741241789958536,51.90013587409102,0.14543019498913168,-0.11821610674647332,0.14660736258612417,0.22106193601025853,nan,nan,nan,0.29086038997826336,nan,20
conv,0,1.0,0.07020370410076461,0.07107256423009253,0.8887659502775466,2.7898011182396893,0.07452413255303621,True,37.10147418128171,16.391573742897272,81.08602301716641,0.14791061981421194,0.8068001049278308,-0.25835354554703827,0.17635226951968408,nan,nan,nan,0.14791061981421194,nan,20
conv,1,0.1,0.1719344792008673,0.1719344792008673,0.03659051991800358,5.136244977927873,0.10497072016351329,True,37.63456239610592,1.496543760426926,18.11456371527447,0.07634458930055033,0.024415131144447155,-0.09052246563895494,0.4055038899246093,nan,nan,nan,0.7634458930055033,nan,20
conv,1,0.28,0.096044928231112,0.0978684303595579,0.1422149869974034,4.14685346464545,0.09394384597659527,True,38.0613295420505,3.9876201716587474,35.57309229668473,0.156455237513633,0.9166241479508379,-0.08663265075289672,0.34235559363238,nan,nan,nan,0.5587687054058321,nan,20
conv,1,0.5,0.05578544566133536,0.0566873169865396,0.3100071652406034,3.7376334173565886,0.07611971930057133,True,38.69413942172889,7.814791846196217,51.92022770315202,0.1782784013403358,0.5769125286677994,0.24148244524916151,0.2682158182708314,nan,nan,nan,0.3565568026806716,nan,20
conv,1,1.0,0.07106904268774071,0.07081222234913466,1.1121233804613344,3.212399161578861,0.10632750583338216,True,33.69318460466867,16.81280932055273,80.9002973875738,0.3662612711586348,-0.6527091526222364,0.13188117663585786,0.28892704043480333,nan,nan,nan,0.3662612711586348,nan,20
ctnn,0,0.1,0.0132729267277522,0.014698258911787328,0.009440928292063338,5.102318910163516,0.11667579061026409,True,32.83587830379708,1.3583168810962198,18.046704643914182,0.11223573727576053,0.1943581631938085,0.33722612343089153,0.3998775663058459,0.16277810554937133,0.33427143624433486,0.28639481347042306,1.1223573727576053,1.6277810554937133,20
ctnn,0,0.28,-0.00517576342803969,-0.006315091629298462,0.04259056920821331,4.040277377888338,0.12239576131853801,True,36.881737179119696,4.540129181719942,35.68049190633964,0.24057524659831842,0.27528891518629894,0.42011834492655,0.4005440176875351,0.47128771977222783,0.8659876161625855,0.9392418063467574,0.8591973092797085,1.6831704277579564,20
ctnn,0,0.5,0.01200449211477873,0.013027316359314273,0.11614398041669323,3.8905798651701633,0.1074393673542989,True,36.88247554859986,7.807623755547694,51.85401364107034,0.2693315163381129,0.4153817015318291,0.36477837032046523,0.2772935361691933,1.2445248077145266,1.7684166719642045,0.8895472878198873,0.5386630326762258,2.489049615429053,20
ctnn,0,1.0,0.0504620966587801,0.05057015427946428,0.717167007114395,3.4852863881908807,0.05159134737705116,True,36.91773934392789,20.170489094954597,81.17023923598589,0.26725095769802465,-2.6163904221816594,-0.39574022614496585,0.2318728462274737,1.581136984534055,0.41787117553261055,2.758987989739353,0.26725095769802465,1.581136984534055,20
ctnn,1,0.1,0.029888591891723673,0.028790952872251932,0.011063998057240511,4.268926407775919,0.11386953774772866,True,34.67440059447117,1.3426887406301562,18.066416119234574,0.11331296751605535,0.29575500968756274,0.3730900636135317,0.39511852380414497,0.11225856485817332,0.25301528606804835,0.13363096697523602,1.1331296751605535,1.1225856485817332,20
ctnn,1,0.28,0.050522126521483385,0.050542052590128596,0.09095107194321965,3.6760125422349526,0.10710312946896881,True,36.667857454850946,4.680390409904016,35.721395058706676,0.26940744748505097,-0.03459254547801116,0.17920022386407908,0.4668432754779316,0.22845149082299088,-0.03490401904700313,0.07473514233304712,0.9621694553037533,0.8158981815106816,20
ctnn,1,0.5,0.07401629108115547,0.07401629108115547,0.258507086457124,3.389637509026721,0.08485887830999603,True,36.8621789281575,7.818107041709805,51.990541072237974,0.24021764171924076,1.019481352276994,0.09353312671886727,0.2565315784094724,0.33285644423153826,1.0001859829336688,0.5233496267765076,0.4804352834384815,0.6657128884630765,20
ctnn,1,1.0,0.0716693329430511,0.0717392082058202,0.8274337316358834,3.509430790235289,0.04482700289563155,True,36.85294282647658,20.17471255739983,81.07734658405809,0.2643703738044394,-3.6259717985331115,-0.5567493881747794,0.21728050948165373,0.51092288962937,-2.004740918944705,1.889949006599295,0.2643703738044394,0.51092288962937,20
conv,0,0.001,24.61306821912205,24.57252622074874,0.00016463222385504873,1.881046045633699,0.05809480867782836,True,1.0,0.01756320572841003,0.06367770331723194,0.0007873823933594593,-0.00047899140001190707,0.00026655962653845955,24.669003910824674,nan,nan,nan,0.7873823933594593,nan,6
conv,0,0.01,0.5671148514118859,0.5568684319822313,0.00011723232207506332,1.1099901730754196,0.16636358003082108,True,1.0,0.03534831834302013,0.4164839649381895,0.0003711768703118512,0.0013585511034436698,-0.002556052788488139,0.7011595390807224,nan,nan,nan,0.03711768703118512,nan,6
conv,0,0.1,0.11881722391055141,0.15508771378005923,0.003443264834261132,16.748408119807475,0.16461924235758513,True,10.415740219661929,0.3306952920807856,1.9152987890314794,0.04015468106176945,0.07526577975782572,0.14603981780254283,1.2048135595717708,nan,nan,nan,0.4015468106176945,nan,6
conv,0,0.28,0.06172385892404397,0.060238820062392985,0.012593435156111618,15.46674670234006,0.12582387246396892,True,10.677388110765593,0.9083059084025704,3.7829849172503853,0.10470632216586839,0.19786187247333542,0.27110134053334844,1.4199569360079,nan,nan,nan,0.3739511505923871,nan,6
conv,0,0.5,0.03074295469275433,0.03054361628483939,0.0282416002490324,11.390455456517929,0.10320072361483071,True,10.751200689013245,1.596594970682239,5.545658480934909,0.10204614124542566,0.39724595793490014,0.271335542528937,0.9909400803895555,nan,nan,nan,0.20409228249085132,nan,6
conv,0,1.0,0.07155981560381834,0.07505649117321714,0.10459963131521931,6.363935677024857,0.06593417166514673,True,10.425279799008404,3.5415704985304504,8.939901524389228,0.014736784353953425,0.11647966573620705,-0.2446227797363072,0.18570257974576918,nan,nan,nan,0.014736784353953425,nan,6
conv,1,0.001,29.793652263622057,29.750158863705746,0.00018301748139655912,2.465025088796399,0.05765614466691671,True,1.0,0.017183739092720293,0.06448592991525334,-0.0005499184139135804,-1.717756156956879e-05,-0.00042278807485895964,29.625620544028695,nan,nan,nan,-0.5499184139135804,nan,6
conv,1,0.01,0.5850357011230054,0.5718736564648478,0.0001116329445279805,1.1384715389981745,0.17437539233608154,True,1.0,0.03626132391053081,0.41552103005931024,0.00030390981363315195,0.0006676299396688942,-0.0006861678720209152,0.6612370375423235,nan,nan,nan,0.030390981363315195,nan,6
conv,1,0.1,0.2068478345107554,0.21690302402444195,0.0032191915724788214,18.02449191961029,0.1636162026546134,True,10.380071546929058,0.3305004269461943,1.9509922528080001,0.04240047786854628,0.08014487981226565,0.12526601552191208,1.3159898873438098,nan,nan,nan,0.4240047786854628,nan,6
conv,1,0.28,0.11099717658868405,0.10382837458006684,0.010644186860809113,15.39447565580153,0.12970670991223937,True,10.561874026522657,0.9133146534833868,3.813029151701641,0.09160223797838096,0.23763082898308852,0.28585745719128663,1.295698332841468,nan,nan,nan,0.32715084992278914,nan,6
conv,1,0.5,0.030312187965161993,0.02823482277819602,0.03160133520351232,11.729596700367734,0.10718935383373364,True,10.55985708803177,1.6978327806630449,5.594793013650446,0.07970204219546595,0.4532786622944429,0.20261761538857037,0.6890404425162814,nan,nan,nan,0.1594040843909319,nan,6
conv,1,1.0,0.037573170808400176,0.034320164847811065,0.11318450021178435,6.825835683071704,0.0954694185603223,True,10.439798241976487,3.5043805064996754,8.632675613438174,0.03630364121071494,0.08133938081243519,-0.005877080263932299,0.32181128566290734,nan,nan,nan,0.03630364121071494,nan,6
ctnn,0,0.001,29.875929256431828,29.856774612469984,0.00010469226029628606,2.3313246905509635,0.0,False,nan,0.015795496700954266,0.059094812043315986,-0.0002954966199325004,0.0003288922654010526,-0.0003290661971256312,30.086029767799026,nan,nan,nan,-0.2954966199325004,nan,6
ctnn,0,0.01,-0.053268693836926846,-0.05140385498012249,1.4951269084692413e-05,10.338133764777583,0.0956176924272756,True,9.753264407075402,0.032222246242042014,0.4138431354273712,0.012619507418912712,-0.000543582771235944,0.017579381566944552,1.8091218173985357,0.012718582794111977,0.0009321742511738604,0.02490903581676046,1.2619507418912712,1.2718582794111977,6
ctnn,0,0.1,-0.04616399882006058,-0.02158829810759192,0.0003384366587001412,7.902353702268619,0.12726254034125975,True,7.702186784354449,0.3225063288674147,1.9451189612827493,0.03318110246347139,0.04730041464164164,0.09401844141689075,0.9496263434279095,0.025804279113490924,0.038534913120995884,0.06528091661158264,0.3318110246347139,0.25804279113490924,6
ctnn,0,0.28,-0.019792528749928706,-0.009819025272600592,0.001727764813778557,5.3751180584325695,0.11645606123880275,True,8.152904368891944,0.9760051954403033,3.823155353722348,0.07234007095238582,0.039596635764081345,0.15186329046570046,0.9106530023224164,0.051843326237159815,0.0061355566205834045,0.20151833380551842,0.2583573962585207,0.18515473656128503,6
ctnn,0,0.5,-0.029184507412435178,-0.044296523492485675,0.006197593065796937,4.559150517712213,0.10846182548967767,True,9.832926614950196,1.7139084416984631,5.652044906394167,0.0964210444297624,0.08982263689720482,0.10113335544622526,0.79153563864779,0.056814864768330864,0.08207071531077292,-0.05377022615447835,0.1928420888595248,0.11362972953666173,6
ctnn,0,1.0,-0.041603938952465176,-0.044602531138482004,0.027603816718008656,4.056616321747713,0.1479970994208868,True,8.81884817044672,3.530372744291228,8.717574066972409,0.10209108997409189,0.07509553280278469,-0.4145499741767491,0.5215415788884777,0.07310112924942658,0.10722756837478364,-0.23619644180573296,0.10209108997409189,0.07310112924942658,6
ctnn,1,0.001,20.73625676046862,21.964774775798276,3.806099267941472e-05,2.746411733283011,0.12036644302046641,True,7.6002342223055415,0.007254299685556184,0.06376595506763033,0.029524331050918784,0.004846174257667867,0.027376367335912657,42.961380648399974,0.02977385641665853,0.004740280632606452,0.028583908169374797,29.524331050918782,29.77385641665853,6
ctnn,1,0.01,-0.032815318126392434,-0.03258576313747942,1.647859046143519e-05,8.467774552027464,0.08868869355532406,True,9.897275340864507,0.032147849904564846,0.4154387870789161,0.013554936586773092,-0.0007810439280225429,0.016247039792511186,1.9614871561279175,0.012712454058507627,-0.0005016172144363049,0.023739104831930757,1.3554936586773092,1.2712454058507627,6
ctnn,1,0.1,-0.05914054268310562,-0.058160499707764615,0.0004362139946354518,6.518169256874876,0.12926416532394172,True,7.7431144702523085,0.31820512758222896,1.9221070666469104,0.0404155879267738,0.05567164144683823,0.14975450698785875,1.0890351110100929,0.03225543201168923,0.02989138651958473,0.073924219846778,0.404155879267738,0.32255432011689233,6
ctnn,1,0.28,-0.037046432486689,-0.044371446316867784,0.0020940235438302993,5.311218351735347,0.11760949768375445,True,8.205750243534098,1.0442221533146752,3.8153495530624357,0.08047190700183915,0.026048073542979333,0.24285717240536941,1.0503490574685002,0.045400332645826325,-0.04616394662459655,0.0940008575160749,0.28739966786371124,0.16214404516366543,6
ctnn,1,0.5,-0.058376946871443056,-0.03993609004265647,0.006481119122486655,4.618319336277769,0.11560436960340151,True,9.883188839811247,1.5877483388065503,5.529051795870865,0.03646288164612521,0.5464152729891576,0.1502699505142422,0.30629222541399476,0.0708263137607279,0.32522528525258876,0.3169387592372743,0.07292576329225042,0.1416526275214558,6
ctnn,1,1.0,-0.013796565233972633,-0.00753979807046518,0.03478080716459501,4.066003887162287,0.17500155657060565,True,8.831139895441387,3.674591749905061,8.762435768017541,0.10428254142728477,0.139021719414806,-0.40710515430500394,0.48674346669902496,0.14171033385951048,0.172423667546604,-0.03160276204793888,0.10428254142728477,0.14171033385951048,6
