index,eigenvalue
1,9.0775702
2,0.78611364
3,0.61759108
4,0.57573799
5,0.20319948
6,0.15720797
7,0.066379491
8,0.065091282
9,0.033192374
10,0.029976884
11,0.020656105
12,0.015838408
13,0.013555944
14,0.011518322
15,0.0086021871
16,0.008209869
17,0.0076830165
18,0.0068221262
19,0.0060872273
20,0.0058075903
21,0.0055284595
22,0.0050112698
23,0.0046170626
24,0.0042349178
25,0.0039028406
26,0.0037059855
27,0.0031936207
28,0.0030253946
29,0.0027301933
30,0.0026508524
31,0.0024735612
32,0.0022600581
33,0.0018605419
34,0.001794317
35,0.0017131456
36,0.0015936042
37,0.0013808534
38,0.0012271457
39,0.0011759717
40,0.0011252706
41,0.0010045974
42,0.00094809466
43,0.00085408903
44,0.00077306416
45,0.0006480239
46,0.00055599738
47,0.00051800967
48,0.0004670007
49,0.00044673787
50,0.00041493601
51,0.00038989842
52,0.00035427474
53,0.00033193941
54,0.00031128
55,0.00030039499
56,0.00028267636
57,0.00027886122
58,0.00026978839
59,0.00025363193
60,0.00024684444
61,0.00023496381
62,0.00022315111
63,0.0002179913
64,0.0002142782
65,0.00021181808
66,0.00019434393
67,0.00018755784
68,0.00018433686
69,0.00017528331
70,0.00016664207
71,0.00015927742
72,0.00015613047
73,0.0001526688
74,0.00014664206
75,0.00014139307
76,0.00013655823
77,0.00013425931
78,0.00012770149
79,0.00012321133
80,0.00011456816
81,0.00011021743
82,0.00010858366
83,0.00010636583
84,9.8468475e-05
85,9.7302377e-05
86,9.2665633e-05
87,9.0873355e-05
88,8.9471934e-05
89,8.6113706e-05
90,8.1791676e-05
91,8.0148696e-05
92,7.5942689e-05
93,7.5228044e-05
94,7.0965705e-05
95,7.0421698e-05
96,6.6377798e-05
97,6.4512558e-05
98,6.2986002e-05
99,6.1353571e-05
100,5.8683124e-05
101,5.6193815e-05
102,5.4228833e-05
103,5.264111e-05
104,5.1068485e-05
105,4.9398049e-05
106,4.8565022e-05
107,4.5767514e-05
108,4.4897228e-05
109,4.194542e-05
110,3.9829303e-05
111,3.7094088e-05
112,3.6693686e-05
113,3.5549752e-05
114,3.3848627e-05
115,3.263326e-05
116,3.1683719e-05
117,2.9781514e-05
118,2.8810347e-05
119,2.7935353e-05
120,2.7070058e-05
121,2.6179026e-05
122,2.4263063e-05
123,2.3625085e-05
124,2.3250732e-05
125,2.2958463e-05
126,2.2075894e-05
127,2.1322632e-05
128,2.0783127e-05
129,2.0005235e-05
130,1.9058771e-05
131,1.866256e-05
132,1.8552093e-05
133,1.7561784e-05
134,1.7430249e-05
135,1.7217041e-05
136,1.6582797e-05
137,1.630856e-05
138,1.5695531e-05
139,1.5126775e-05
140,1.4742814e-05
141,1.4710378e-05
142,1.3828515e-05
143,1.3407753e-05
144,1.3053001e-05
145,1.29699e-05
146,1.2630018e-05
147,1.2393515e-05
148,1.2254617e-05
149,1.1683657e-05
150,1.1623359e-05
151,1.1469151e-05
152,1.1257851e-05
153,1.0705252e-05
154,1.0277656e-05
155,9.9417058e-06
156,9.6858167e-06
157,9.2944868e-06
158,9.0052455e-06
159,8.9302359e-06
160,8.725596e-06
161,8.630595e-06
162,8.3671116e-06
163,8.2156208e-06
164,7.8804889e-06
165,7.6555637e-06
166,7.4426379e-06
167,7.314635e-06
168,7.2125494e-06
169,6.9429609e-06
170,6.8085806e-06
171,6.552444e-06
172,6.4416361e-06
173,6.3489489e-06
174,6.1277696e-06
175,6.0554232e-06
176,5.8465612e-06
177,5.8088324e-06
178,5.5299475e-06
179,5.4295679e-06
180,5.3331256e-06
181,5.3054184e-06
182,5.18622e-06
183,5.133875e-06
184,5.0200815e-06
185,4.817578e-06
186,4.7233406e-06
187,4.5972521e-06
188,4.4851654e-06
189,4.3646671e-06
190,4.2469005e-06
191,4.2126757e-06
192,4.1103617e-06
193,4.0684307e-06
194,3.8943853e-06
195,3.8250585e-06
196,3.7704431e-06
197,3.6857385e-06
198,3.6332246e-06
199,3.5797459e-06
200,3.4770342e-06
201,3.4328522e-06
202,3.3483481e-06
203,3.3186308e-06
204,3.2799689e-06
205,3.1746227e-06
206,3.0986811e-06
207,3.0093824e-06
208,2.9539784e-06
209,2.9187041e-06
210,2.8961151e-06
211,2.7721418e-06
212,2.7247891e-06
213,2.7088746e-06
214,2.6576938e-06
215,2.5869552e-06
216,2.5319972e-06
217,2.5055892e-06
218,2.4682026e-06
219,2.3732379e-06
220,2.3240631e-06
221,2.2788333e-06
222,2.2472904e-06
223,2.1796673e-06
224,2.1392614e-06
225,2.1127074e-06
226,2.1078892e-06
227,2.0184787e-06
228,1.9418278e-06
229,1.9062649e-06
230,1.8696663e-06
231,1.8285725e-06
232,1.7947163e-06
233,1.7662122e-06
234,1.7399046e-06
235,1.6975272e-06
236,1.6640176e-06
237,1.6369051e-06
238,1.6035178e-06
239,1.5642789e-06
240,1.5330827e-06
241,1.4872253e-06
242,1.473548e-06
243,1.4212855e-06
244,1.3972281e-06
245,1.3648505e-06
246,1.3351193e-06
247,1.2891993e-06
248,1.2619012e-06
249,1.2533944e-06
250,1.2310202e-06
251,1.205529e-06
252,1.1808441e-06
253,1.1633902e-06
254,1.1464948e-06
255,1.1323347e-06
256,1.1257899e-06
257,1.0989348e-06
258,1.0534619e-06
259,1.0304401e-06
260,1.0220899e-06
261,1.0134374e-06
262,9.9094518e-07
263,9.7042179e-07
264,9.3104555e-07
265,9.2717589e-07
266,9.166834e-07
267,8.9576446e-07
268,8.920591e-07
269,8.5543711e-07
270,8.5003604e-07
271,8.343861e-07
272,8.2138361e-07
273,8.138931e-07
274,7.9288982e-07
275,7.7285032e-07
276,7.664618e-07
277,7.6397517e-07
278,7.5094284e-07
279,7.3924033e-07
280,7.3686661e-07
281,7.1913072e-07
282,7.1436828e-07
283,6.8490383e-07
284,6.7152229e-07
285,6.6089095e-07
286,6.58012e-07
287,6.4703009e-07
288,6.4083452e-07
289,6.2770145e-07
290,5.9919576e-07
291,5.8993393e-07
292,5.8401087e-07
293,5.777387e-07
294,5.5905741e-07
295,5.4702198e-07
296,5.3979836e-07
297,5.3467627e-07
298,5.1697034e-07
299,5.111819e-07
300,4.9929008e-07
301,4.8844694e-07
302,4.8547938e-07
303,4.7207368e-07
304,4.6656547e-07
305,4.4995611e-07
306,4.4892081e-07
307,4.3595123e-07
308,4.3388848e-07
309,4.2601909e-07
310,4.2236824e-07
311,4.1160886e-07
312,4.1014471e-07
313,4.0403399e-07
314,3.9791915e-07
315,3.9412986e-07
316,3.8619688e-07
317,3.8005823e-07
318,3.6972025e-07
319,3.6028187e-07
320,3.5528757e-07
321,3.4497092e-07
322,3.3837364e-07
323,3.3606826e-07
324,3.333299e-07
325,3.2594705e-07
326,3.2157833e-07
327,3.179971e-07
328,3.1158017e-07
329,3.0469647e-07
330,2.9809009e-07
331,2.9304143e-07
332,2.8793367e-07
333,2.8170176e-07
334,2.7892873e-07
335,2.7237549e-07
336,2.6929991e-07
337,2.6261975e-07
338,2.5908927e-07
339,2.5455175e-07
340,2.5011821e-07
341,2.4618136e-07
342,2.441317e-07
343,2.3917001e-07
344,2.3495688e-07
345,2.3275756e-07
346,2.281902e-07
347,2.2608813e-07
348,2.2138702e-07
349,2.1801183e-07
350,2.1437843e-07
351,2.079752e-07
352,2.0433371e-07
353,2.0183119e-07
354,2.0063248e-07
355,1.9958372e-07
356,1.9265955e-07
357,1.8723481e-07
358,1.8457396e-07
359,1.8287656e-07
360,1.7884139e-07
361,1.7542871e-07
362,1.7262511e-07
363,1.7004411e-07
364,1.6820051e-07
365,1.6575827e-07
366,1.635945e-07
367,1.6246265e-07
368,1.5880085e-07
369,1.5475098e-07
370,1.5220044e-07
371,1.4965449e-07
372,1.486752e-07
373,1.4708105e-07
374,1.4326252e-07
375,1.4011164e-07
376,1.3725185e-07
377,1.3430134e-07
378,1.3251172e-07
379,1.3122624e-07
380,1.3007249e-07
381,1.2761472e-07
382,1.2642305e-07
383,1.2196549e-07
384,1.2146453e-07
385,1.1846426e-07
386,1.165801e-07
387,1.1455683e-07
388,1.1320761e-07
389,1.1058921e-07
390,1.0915775e-07
391,1.0892058e-07
392,1.0733977e-07
393,1.0548851e-07
394,1.0488274e-07
395,1.0325229e-07
396,1.0135301e-07
397,1.0044864e-07
398,9.8576865e-08
399,9.718448e-08
400,9.6090471e-08
401,9.3738899e-08
402,9.2551524e-08
403,9.1111131e-08
404,8.9905e-08
405,8.9240607e-08
406,8.7434425e-08
407,8.6482951e-08
408,8.4799717e-08
409,8.4279808e-08
410,8.2146175e-08
411,8.1617142e-08
412,8.1139746e-08
413,7.8874388e-08
414,7.6948813e-08
415,7.4606863e-08
416,7.3433535e-08
417,7.3146001e-08
418,7.2657411e-08
419,7.1150611e-08
420,6.9653803e-08
421,6.9200894e-08
422,6.7722851e-08
423,6.6931426e-08
424,6.5295486e-08
425,6.5016554e-08
426,6.3001896e-08
427,6.2070845e-08
428,6.1859132e-08
429,6.1030468e-08
430,6.0207992e-08
431,5.8970161e-08
432,5.7975339e-08
433,5.7445472e-08
434,5.6342203e-08
435,5.629578e-08
436,5.4862133e-08
437,5.4358339e-08
438,5.3322612e-08
439,5.308049e-08
440,5.2604877e-08
441,5.1871725e-08
442,5.1583402e-08
443,5.0420306e-08
444,4.9513003e-08
445,4.8442394e-08
446,4.7801111e-08
447,4.6761616e-08
448,4.6191846e-08
449,4.5427479e-08
450,4.4889167e-08
451,4.4613311e-08
452,4.3684609e-08
453,4.290934e-08
454,4.216455e-08
455,4.1758077e-08
456,4.0454902e-08
457,3.9563085e-08
458,3.9302866e-08
459,3.888365e-08
460,3.8352649e-08
461,3.779533e-08
462,3.7702295e-08
463,3.7300049e-08
464,3.576825e-08
465,3.5435001e-08
466,3.5238357e-08
467,3.4493354e-08
468,3.4261651e-08
469,3.3464634e-08
470,3.3171927e-08
471,3.2995912e-08
472,3.2413935e-08
473,3.2070351e-08
474,3.1463214e-08
475,3.1289935e-08
476,3.1187679e-08
477,3.0470295e-08
478,2.9902465e-08
479,2.9612616e-08
480,2.9517972e-08
481,2.8494254e-08
482,2.8377353e-08
483,2.7368545e-08
484,2.7239621e-08
485,2.6798042e-08
486,2.6721125e-08
487,2.6292124e-08
488,2.6203983e-08
489,2.5513908e-08
490,2.5196953e-08
491,2.5113675e-08
492,2.4655196e-08
493,2.4190656e-08
494,2.3688439e-08
495,2.2998851e-08
496,2.2776643e-08
497,2.2686986e-08
498,2.2305128e-08
499,2.1999262e-08
500,2.1780252e-08
501,2.1653433e-08
502,2.1242953e-08
503,2.0916186e-08
504,2.082289e-08
505,2.0215295e-08
506,1.9919725e-08
507,1.9856674e-08
508,1.9444972e-08
509,1.9126341e-08
510,1.8986453e-08
511,1.8603869e-08
512,1.8344366e-08
513,1.8124036e-08
514,1.8068322e-08
515,1.7727712e-08
516,1.7295654e-08
517,1.6924622e-08
518,1.686282e-08
519,1.6636769e-08
520,1.6413275e-08
521,1.6168341e-08
522,1.5978959e-08
523,1.5680358e-08
524,1.5499207e-08
525,1.5282901e-08
526,1.5255615e-08
527,1.5050703e-08
528,1.4767982e-08
529,1.4646039e-08
530,1.4285151e-08
531,1.4083652e-08
532,1.393396e-08
533,1.3880784e-08
534,1.3665049e-08
535,1.3407954e-08
536,1.3207201e-08
537,1.2976408e-08
538,1.2655441e-08
539,1.2636994e-08
540,1.2430836e-08
541,1.2312359e-08
542,1.1989251e-08
543,1.1894146e-08
544,1.18387e-08
545,1.1715263e-08
546,1.1595165e-08
547,1.1305429e-08
548,1.1101783e-08
549,1.0971445e-08
550,1.0904356e-08
551,1.0755883e-08
552,1.0583627e-08
553,1.0354358e-08
554,1.0317215e-08
555,1.0129695e-08
556,9.9391253e-09
557,9.9162904e-09
558,9.8007762e-09
559,9.6244776e-09
560,9.5411995e-09
561,9.5100633e-09
562,9.2693077e-09
563,9.2030789e-09
564,9.0113996e-09
565,8.856244e-09
566,8.6925891e-09
567,8.6238357e-09
568,8.5449627e-09
569,8.4604003e-09
570,8.4459813e-09
571,8.2630964e-09
572,8.0706097e-09
573,7.9660383e-09
574,7.9556292e-09
575,7.86698e-09
576,7.8009666e-09
577,7.6179067e-09
578,7.422802e-09
579,7.359706e-09
580,7.3141851e-09
581,7.1805314e-09
582,7.0988703e-09
583,6.9642087e-09
584,6.8642701e-09
585,6.7548253e-09
586,6.6375867e-09
587,6.4896675e-09
588,6.4273446e-09
589,6.4241619e-09
590,6.3218213e-09
591,6.1766294e-09
592,6.1041368e-09
593,6.0158836e-09
594,5.9717781e-09
595,5.8604199e-09
596,5.8172364e-09
597,5.7997929e-09
598,5.63347e-09
599,5.5833516e-09
600,5.546834e-09
601,5.4495951e-09
602,5.4401827e-09
603,5.351501e-09
604,5.2912652e-09
605,5.24568e-09
606,5.1924593e-09
607,5.1015657e-09
608,5.0694375e-09
609,5.0274336e-09
610,4.930383e-09
611,4.8940209e-09
612,4.8345771e-09
613,4.8047772e-09
614,4.6986257e-09
615,4.5946684e-09
616,4.5378285e-09
617,4.5068328e-09
618,4.4332349e-09
619,4.3999701e-09
620,4.3610488e-09
621,4.2973095e-09
622,4.2460419e-09
623,4.142323e-09
624,4.1230736e-09
625,4.0494204e-09
626,3.984479e-09
627,3.9157611e-09
628,3.8918354e-09
629,3.8280343e-09
630,3.8057935e-09
631,3.7741717e-09
632,3.6862603e-09
633,3.6464506e-09
634,3.6219718e-09
635,3.5806243e-09
636,3.5135578e-09
637,3.4630134e-09
638,3.4211245e-09
639,3.390036e-09
640,3.321694e-09
641,3.2896804e-09
642,3.2667554e-09
643,3.2150482e-09
644,3.1859591e-09
645,3.1183838e-09
646,3.1110498e-09
647,3.0456842e-09
648,2.9967143e-09
649,2.953884e-09
650,2.9294291e-09
651,2.891737e-09
652,2.8194119e-09
653,2.798237e-09
654,2.7873207e-09
655,2.7275899e-09
656,2.6833813e-09
657,2.6562307e-09
658,2.6224344e-09
659,2.5935535e-09
660,2.5554332e-09
661,2.5071001e-09
662,2.4855107e-09
663,2.4514907e-09
664,2.4148333e-09
665,2.4048181e-09
666,2.3774074e-09
667,2.3515927e-09
668,2.2981567e-09
669,2.276368e-09
670,2.2594839e-09
671,2.2481306e-09
672,2.2187123e-09
673,2.2070805e-09
674,2.1733352e-09
675,2.1294465e-09
676,2.1098493e-09
677,2.0928871e-09
678,2.0582787e-09
679,2.0336334e-09
680,2.0026495e-09
681,1.9760561e-09
682,1.9439604e-09
683,1.9106895e-09
684,1.9038467e-09
685,1.8785908e-09
686,1.8386059e-09
687,1.8246635e-09
688,1.8114195e-09
689,1.7929509e-09
690,1.7607719e-09
691,1.7368695e-09
692,1.7154014e-09
693,1.6940544e-09
694,1.6801047e-09
695,1.6511169e-09
696,1.6358993e-09
697,1.6218586e-09
698,1.6125678e-09
699,1.5702367e-09
700,1.5527243e-09
701,1.5193841e-09
702,1.5126291e-09
703,1.493838e-09
704,1.4797022e-09
705,1.4600129e-09
706,1.4497013e-09
707,1.4127124e-09
708,1.4080485e-09
709,1.3916434e-09
710,1.3731367e-09
711,1.3675139e-09
712,1.3480471e-09
713,1.3321584e-09
714,1.3281815e-09
715,1.3177694e-09
716,1.3016798e-09
717,1.2815302e-09
718,1.2467325e-09
719,1.2351478e-09
720,1.2283411e-09
721,1.2236517e-09
722,1.2048259e-09
723,1.1966296e-09
724,1.1848484e-09
725,1.1709843e-09
726,1.1550884e-09
727,1.1394573e-09
728,1.1331841e-09
729,1.1201606e-09
730,1.1125137e-09
731,1.0879026e-09
732,1.0794097e-09
733,1.0683042e-09
734,1.0338283e-09
735,1.0289649e-09
736,9.962423e-10
737,9.8684236e-10
738,9.8452854e-10
739,9.7720282e-10
740,9.720872e-10
741,9.5661773e-10
742,9.4546666e-10
743,9.3785102e-10
744,9.2624375e-10
745,9.1422606e-10
746,8.9321755e-10
747,8.8429736e-10
748,8.6724813e-10
749,8.645175e-10
750,8.5558311e-10
751,8.430092e-10
752,8.3885574e-10
753,8.312199e-10
754,8.153989e-10
755,8.1118048e-10
756,7.9457915e-10
757,7.88216e-10
758,7.8053745e-10
759,7.7123037e-10
760,7.605569e-10
761,7.5919801e-10
762,7.4028872e-10
763,7.3885719e-10
764,7.2140021e-10
765,7.1818844e-10
766,7.1530934e-10
767,7.1034182e-10
768,6.9652829e-10
769,6.9192315e-10
770,6.823653e-10
771,6.7848039e-10
772,6.6677284e-10
773,6.6421105e-10
774,6.4361342e-10
775,6.3911375e-10
776,6.3171148e-10
777,6.2723872e-10
778,6.1885871e-10
779,6.1336619e-10
780,6.0387674e-10
781,6.0014074e-10
782,5.9494946e-10
783,5.8435207e-10
784,5.8186625e-10
785,5.7268586e-10
786,5.6797613e-10
787,5.6067578e-10
788,5.5767081e-10
789,5.4649637e-10
790,5.4333025e-10
791,5.3628515e-10
792,5.3123528e-10
793,5.2835674e-10
794,5.2052178e-10
795,5.1511048e-10
796,5.0759188e-10
797,5.0020015e-10
798,4.9172069e-10
799,4.846309e-10
800,4.787696e-10
801,4.7312343e-10
802,4.6997038e-10
803,4.5994296e-10
804,4.5872528e-10
805,4.5251928e-10
806,4.4850525e-10
807,4.4009664e-10
808,4.373455e-10
809,4.3493261e-10
810,4.3050023e-10
811,4.2411164e-10
812,4.1813828e-10
813,4.1509552e-10
814,4.1152126e-10
815,4.0887105e-10
816,4.0396342e-10
817,4.0055712e-10
818,3.9168834e-10
819,3.8567044e-10
820,3.8302553e-10
821,3.7934019e-10
822,3.742072e-10
823,3.6576819e-10
824,3.6188975e-10
825,3.5856854e-10
826,3.5515761e-10
827,3.4875569e-10
828,3.4542821e-10
829,3.4409293e-10
830,3.3904684e-10
831,3.3688241e-10
832,3.3321701e-10
833,3.3118436e-10
834,3.2702765e-10
835,3.2210187e-10
836,3.2106917e-10
837,3.1637898e-10
838,3.1086798e-10
839,3.1060776e-10
840,3.0970662e-10
841,3.0701838e-10
842,3.0257339e-10
843,2.9779867e-10
844,2.9507786e-10
845,2.9299342e-10
846,2.8865979e-10
847,2.8670681e-10
848,2.8428127e-10
849,2.8012449e-10
850,2.7595477e-10
851,2.7231021e-10
852,2.7094885e-10
853,2.6671166e-10
854,2.6454471e-10
855,2.6257647e-10
856,2.5942241e-10
857,2.578744e-10
858,2.5222272e-10
859,2.4711308e-10
860,2.4637463e-10
861,2.4466049e-10
862,2.4228841e-10
863,2.4109237e-10
864,2.3923153e-10
865,2.3313028e-10
866,2.3212037e-10
867,2.2958092e-10
868,2.2693272e-10
869,2.24886e-10
870,2.1987278e-10
871,2.195273e-10
872,2.1665595e-10
873,2.1452452e-10
874,2.1213757e-10
875,2.1150017e-10
876,2.0801438e-10
877,2.0703241e-10
878,2.0528622e-10
879,2.0267547e-10
880,2.0104315e-10
881,1.9699123e-10
882,1.9460221e-10
883,1.9270036e-10
884,1.9146321e-10
885,1.9049375e-10
886,1.876833e-10
887,1.8611742e-10
888,1.843825e-10
889,1.8305193e-10
890,1.803756e-10
891,1.7860679e-10
892,1.7707124e-10
893,1.7326719e-10
894,1.7243662e-10
895,1.6996836e-10
896,1.6809584e-10
897,1.6624457e-10
898,1.6504953e-10
899,1.6285286e-10
900,1.6244836e-10
901,1.6216914e-10
902,1.5951973e-10
903,1.5603208e-10
904,1.5508932e-10
905,1.5367298e-10
906,1.5157706e-10
907,1.5008059e-10
908,1.4931564e-10
909,1.4865506e-10
910,1.458484e-10
911,1.4333449e-10
912,1.4236631e-10
913,1.4087594e-10
914,1.3913248e-10
915,1.381584e-10
916,1.3634799e-10
917,1.3446021e-10
918,1.3379341e-10
919,1.3156168e-10
920,1.301629e-10
921,1.2921787e-10
922,1.2809965e-10
923,1.2752784e-10
924,1.2606573e-10
925,1.2468383e-10
926,1.228576e-10
927,1.2188849e-10
928,1.199646e-10
929,1.1893349e-10
930,1.1832609e-10
931,1.1670663e-10
932,1.1545551e-10
933,1.1478212e-10
934,1.1339039e-10
935,1.111877e-10
936,1.1031223e-10
937,1.0954917e-10
938,1.087414e-10
939,1.0626025e-10
940,1.0589627e-10
941,1.0450078e-10
942,1.0357922e-10
943,1.0207359e-10
944,1.0158226e-10
945,9.9978235e-11
946,9.9651343e-11
947,9.8723172e-11
948,9.7725637e-11
949,9.7081488e-11
950,9.5947882e-11
951,9.4659288e-11
952,9.3298366e-11
953,9.1845819e-11
954,9.1146623e-11
955,9.063194e-11
956,8.9888615e-11
957,8.9015694e-11
958,8.8190454e-11
959,8.7788055e-11
960,8.6243952e-11
961,8.6116844e-11
962,8.4910671e-11
963,8.4481686e-11
964,8.4005297e-11
965,8.259327e-11
966,8.1084437e-11
967,7.9991639e-11
968,7.9602813e-11
969,7.9400913e-11
970,7.7907571e-11
971,7.7249462e-11
972,7.6473413e-11
973,7.5778772e-11
974,7.4825733e-11
975,7.4007977e-11
976,7.3780897e-11
977,7.2954925e-11
978,7.1595149e-11
979,7.1177185e-11
980,7.0983276e-11
981,7.0369752e-11
982,7.0035995e-11
983,6.8936856e-11
984,6.7623496e-11
985,6.7123607e-11
986,6.6571486e-11
987,6.5895192e-11
988,6.4894478e-11
989,6.3996008e-11
990,6.3622388e-11
991,6.3223856e-11
992,6.2187523e-11
993,6.1686774e-11
994,6.0988316e-11
995,5.9852893e-11
996,5.9120369e-11
997,5.8392378e-11
998,5.8164125e-11
999,5.7550787e-11
1000,5.7034484e-11
1001,5.664105e-11
1002,5.6292607e-11
1003,5.5705638e-11
1004,5.5511056e-11
1005,5.4734878e-11
1006,5.431364e-11
1007,5.3918619e-11
1008,5.3207799e-11
1009,5.2895732e-11
1010,5.1982052e-11
1011,5.1264669e-11
1012,5.100023e-11
1013,5.0503332e-11
1014,5.0322916e-11
1015,4.9263275e-11
1016,4.8966657e-11
1017,4.8557059e-11
1018,4.8245454e-11
1019,4.7365655e-11
1020,4.7139757e-11
1021,4.6451752e-11
1022,4.6060734e-11
1023,4.5596509e-11
1024,4.538344e-11
1025,4.5001414e-11
1026,4.4605348e-11
1027,4.425446e-11
1028,4.3106534e-11
1029,4.2927077e-11
1030,4.2253888e-11
1031,4.2233879e-11
1032,4.2047611e-11
1033,4.1440753e-11
1034,4.119047e-11
1035,4.0548493e-11
1036,4.0318821e-11
1037,3.9846375e-11
1038,3.9438616e-11
1039,3.9073965e-11
1040,3.881739e-11
1041,3.8272833e-11
1042,3.8001709e-11
1043,3.7217729e-11
1044,3.6907154e-11
1045,3.6609825e-11
1046,3.6321111e-11
1047,3.6074333e-11
1048,3.5651459e-11
1049,3.5442437e-11
1050,3.4965135e-11
1051,3.4921572e-11
1052,3.4312178e-11
1053,3.4156976e-11
1054,3.3964578e-11
1055,3.3105265e-11
1056,3.2981492e-11
1057,3.2685559e-11
1058,3.2114711e-11
1059,3.2004497e-11
1060,3.153907e-11
1061,3.1306359e-11
1062,3.1032093e-11
1063,3.0679886e-11
1064,3.0606278e-11
1065,3.0104374e-11
1066,2.9996094e-11
1067,2.9658095e-11
1068,2.931901e-11
1069,2.8819148e-11
1070,2.8721852e-11
1071,2.854828e-11
1072,2.8405181e-11
1073,2.8129247e-11
1074,2.7876516e-11
1075,2.776614e-11
1076,2.7433675e-11
1077,2.7118085e-11
1078,2.693866e-11
1079,2.641904e-11
1080,2.5908906e-11
1081,2.5773049e-11
1082,2.5578211e-11
1083,2.54369e-11
1084,2.5371875e-11
1085,2.5214625e-11
1086,2.4930529e-11
1087,2.4473359e-11
1088,2.4292027e-11
1089,2.4099416e-11
1090,2.3872872e-11
1091,2.3362715e-11
1092,2.3170288e-11
1093,2.3107275e-11
1094,2.246781e-11
1095,2.242071e-11
1096,2.2114524e-11
1097,2.2032582e-11
1098,2.1894408e-11
1099,2.1610612e-11
1100,2.1516172e-11
1101,2.1124031e-11
1102,2.0903591e-11
1103,2.0840218e-11
1104,2.0615565e-11
1105,2.05273e-11
1106,2.0269051e-11
1107,1.9999935e-11
1108,1.9898471e-11
1109,1.9707918e-11
1110,1.9659196e-11
1111,1.9305952e-11
1112,1.9078148e-11
1113,1.8967517e-11
1114,1.8798492e-11
1115,1.8353685e-11
1116,1.8281129e-11
1117,1.8049818e-11
1118,1.7732544e-11
1119,1.7585942e-11
1120,1.7489712e-11
1121,1.7239625e-11
1122,1.7099965e-11
1123,1.7042115e-11
1124,1.6938465e-11
1125,1.6663117e-11
1126,1.6523543e-11
1127,1.6428768e-11
1128,1.6289685e-11
1129,1.625166e-11
1130,1.6100612e-11
1131,1.6013958e-11
1132,1.5617761e-11
1133,1.5414622e-11
1134,1.5306734e-11
1135,1.513781e-11
1136,1.4946142e-11
1137,1.470903e-11
1138,1.4569158e-11
1139,1.445471e-11
1140,1.4346077e-11
1141,1.4268757e-11
1142,1.4197322e-11
1143,1.3899017e-11
1144,1.3732291e-11
1145,1.3632046e-11
1146,1.3576495e-11
1147,1.3350923e-11
1148,1.3272735e-11
1149,1.3180269e-11
1150,1.3080262e-11
1151,1.2996999e-11
1152,1.2812379e-11
1153,1.2697411e-11
1154,1.2505322e-11
1155,1.246183e-11
1156,1.2409578e-11
1157,1.2283597e-11
1158,1.2079364e-11
1159,1.1988094e-11
1160,1.1948343e-11
1161,1.1789231e-11
1162,1.1666574e-11
1163,1.1619477e-11
1164,1.1508201e-11
1165,1.1315861e-11
1166,1.1227092e-11
1167,1.1130539e-11
1168,1.1040097e-11
1169,1.0927372e-11
1170,1.0772198e-11
1171,1.0728559e-11
1172,1.0672639e-11
1173,1.0525671e-11
1174,1.0504377e-11
1175,1.0401835e-11
1176,1.0259675e-11
1177,1.0110643e-11
1178,1.005522e-11
1179,9.8896724e-12
1180,9.8580637e-12
1181,9.7920726e-12
1182,9.6385323e-12
1183,9.5667261e-12
1184,9.5144409e-12
1185,9.4667141e-12
1186,9.3703822e-12
1187,9.216802e-12
1188,9.135675e-12
1189,9.0802705e-12
1190,8.9780507e-12
1191,8.8849597e-12
1192,8.7743766e-12
1193,8.7621885e-12
1194,8.6499778e-12
1195,8.5802435e-12
1196,8.5242549e-12
1197,8.4104155e-12
1198,8.312166e-12
1199,8.1945661e-12
1200,8.1808602e-12
1201,8.1014042e-12
1202,8.0497107e-12
1203,7.9696239e-12
1204,7.9443226e-12
1205,7.9079174e-12
1206,7.7320982e-12
1207,7.6615182e-12
1208,7.6196825e-12
1209,7.5685708e-12
1210,7.4541203e-12
1211,7.3718706e-12
1212,7.3052455e-12
1213,7.2356293e-12
1214,7.176092e-12
1215,7.1431634e-12
1216,7.0122014e-12
1217,6.9634742e-12
1218,6.9550973e-12
1219,6.8870156e-12
1220,6.8111713e-12
1221,6.7167714e-12
1222,6.6658843e-12
1223,6.6308403e-12
1224,6.5020051e-12
1225,6.4653106e-12
1226,6.4086931e-12
1227,6.3549276e-12
1228,6.3061456e-12
1229,6.2490329e-12
1230,6.1548523e-12
1231,6.1307393e-12
1232,6.0537489e-12
1233,6.0143408e-12
1234,5.9978285e-12
1235,5.9072258e-12
1236,5.8852914e-12
1237,5.781227e-12
1238,5.7529294e-12
1239,5.6936704e-12
1240,5.6201513e-12
1241,5.5930482e-12
1242,5.5161742e-12
1243,5.4871269e-12
1244,5.3962616e-12
1245,5.3261048e-12
1246,5.3048488e-12
1247,5.2824277e-12
1248,5.1795802e-12
1249,5.1334953e-12
1250,5.0680373e-12
1251,5.0458649e-12
1252,4.9698958e-12
1253,4.96168e-12
1254,4.907155e-12
1255,4.8537232e-12
1256,4.786969e-12
1257,4.7611991e-12
1258,4.7463193e-12
1259,4.722332e-12
1260,4.6910231e-12
1261,4.6540159e-12
1262,4.6300042e-12
1263,4.5844686e-12
1264,4.5051354e-12
1265,4.4840489e-12
1266,4.4724412e-12
1267,4.4144379e-12
1268,4.3481027e-12
1269,4.3116048e-12
1270,4.2809057e-12
1271,4.2207703e-12
1272,4.1878459e-12
1273,4.1623432e-12
1274,4.0863581e-12
1275,4.0551233e-12
1276,4.030624e-12
1277,3.9812918e-12
1278,3.9305979e-12
1279,3.9003559e-12
1280,3.8738188e-12
1281,3.8551376e-12
1282,3.8334003e-12
1283,3.8200533e-12
1284,3.7525425e-12
1285,3.7138345e-12
1286,3.6948598e-12
1287,3.671219e-12
1288,3.6428698e-12
1289,3.5742761e-12
1290,3.5219762e-12
1291,3.4996698e-12
1292,3.4836051e-12
1293,3.4493739e-12
1294,3.4320271e-12
1295,3.385811e-12
1296,3.3560812e-12
1297,3.3436532e-12
1298,3.3204974e-12
1299,3.2881055e-12
1300,3.2643166e-12
1301,3.2128779e-12
1302,3.1783546e-12
1303,3.1323557e-12
1304,3.110612e-12
1305,3.0943373e-12
1306,3.0707009e-12
1307,3.0461396e-12
1308,3.0234231e-12
1309,3.0011245e-12
1310,2.9648711e-12
1311,2.9218844e-12
1312,2.9003756e-12
1313,2.8778373e-12
1314,2.849124e-12
1315,2.8467576e-12
1316,2.8074921e-12
1317,2.8002748e-12
1318,2.7443904e-12
1319,2.7271615e-12
1320,2.7189719e-12
1321,2.6876692e-12
1322,2.6764747e-12
1323,2.6378309e-12
1324,2.6293305e-12
1325,2.5976359e-12
1326,2.5526028e-12
1327,2.5306313e-12
1328,2.502157e-12
1329,2.4818273e-12
1330,2.4711568e-12
1331,2.4495797e-12
1332,2.4165876e-12
1333,2.4012772e-12
1334,2.3830005e-12
1335,2.35736e-12
1336,2.326939e-12
1337,2.3059282e-12
1338,2.2954567e-12
1339,2.255278e-12
1340,2.2500187e-12
1341,2.2234125e-12
1342,2.206042e-12
1343,2.1772593e-12
1344,2.1610712e-12
1345,2.1308267e-12
1346,2.1240858e-12
1347,2.1086415e-12
1348,2.1019401e-12
1349,2.0641333e-12
1350,2.0444568e-12
1351,2.0226213e-12
1352,2.0184395e-12
1353,1.9841417e-12
1354,1.9779937e-12
1355,1.9756645e-12
1356,1.9491038e-12
1357,1.9270649e-12
1358,1.9118828e-12
1359,1.9037786e-12
1360,1.8665401e-12
1361,1.8440496e-12
1362,1.8377754e-12
1363,1.8273668e-12
1364,1.8127586e-12
1365,1.7890624e-12
1366,1.7702828e-12
1367,1.7647948e-12
1368,1.7414826e-12
1369,1.7223367e-12
1370,1.7050653e-12
1371,1.6987146e-12
1372,1.6791372e-12
1373,1.6708693e-12
1374,1.6564233e-12
1375,1.6330425e-12
1376,1.6175667e-12
1377,1.598017e-12
1378,1.585339e-12
1379,1.5659397e-12
1380,1.5549222e-12
1381,1.5493445e-12
1382,1.5349057e-12
1383,1.5234179e-12
1384,1.4917894e-12
1385,1.4871513e-12
1386,1.4826757e-12
1387,1.4665997e-12
1388,1.44657e-12
1389,1.4375339e-12
1390,1.4135682e-12
1391,1.4058351e-12
1392,1.4026185e-12
1393,1.3959362e-12
1394,1.3787882e-12
1395,1.375129e-12
1396,1.3700117e-12
1397,1.3411117e-12
1398,1.3358072e-12
1399,1.3147864e-12
1400,1.3073838e-12
1401,1.294085e-12
1402,1.2814127e-12
1403,1.2772874e-12
1404,1.2705695e-12
1405,1.2515899e-12
1406,1.2331315e-12
1407,1.2215254e-12
1408,1.2139655e-12
1409,1.2027931e-12
1410,1.1939085e-12
1411,1.1797878e-12
1412,1.1778018e-12
1413,1.1620616e-12
1414,1.1490306e-12
1415,1.1352368e-12
1416,1.1251717e-12
1417,1.1183568e-12
1418,1.1167468e-12
1419,1.1039721e-12
1420,1.0871181e-12
1421,1.0836963e-12
1422,1.0724185e-12
1423,1.0577411e-12
1424,1.0505666e-12
1425,1.045199e-12
1426,1.0272997e-12
1427,1.0247871e-12
1428,1.023871e-12
1429,9.9796968e-13
1430,9.9463556e-13
1431,9.888722e-13
1432,9.8009733e-13
1433,9.7482807e-13
1434,9.7015271e-13
1435,9.6100811e-13
1436,9.5794861e-13
1437,9.4946429e-13
1438,9.294998e-13
1439,9.1472973e-13
1440,9.1038804e-13
1441,9.0633941e-13
1442,8.9526737e-13
1443,8.9061887e-13
1444,8.8401398e-13
1445,8.7179432e-13
1446,8.5906108e-13
1447,8.5465791e-13
1448,8.4719651e-13
1449,8.4330661e-13
1450,8.3004379e-13
1451,8.2588944e-13
1452,8.1866421e-13
1453,8.1045294e-13
1454,7.9698463e-13
1455,7.8986629e-13
1456,7.8615595e-13
1457,7.8148731e-13
1458,7.7805104e-13
1459,7.6891162e-13
1460,7.5538841e-13
1461,7.5191728e-13
1462,7.4945363e-13
1463,7.4617854e-13
1464,7.3966155e-13
1465,7.3122873e-13
1466,7.2449801e-13
1467,7.1673673e-13
1468,7.1324103e-13
1469,7.0591637e-13
1470,6.9764499e-13
1471,6.9020439e-13
1472,6.7824949e-13
1473,6.7648829e-13
1474,6.7423009e-13
1475,6.6326684e-13
1476,6.5848855e-13
1477,6.5705802e-13
1478,6.5351131e-13
1479,6.4148446e-13
1480,6.3845908e-13
1481,6.3433809e-13
1482,6.2705028e-13
1483,6.1693162e-13
1484,6.1201964e-13
1485,6.0459929e-13
1486,6.0117396e-13
1487,5.9919657e-13
1488,5.9042776e-13
1489,5.861147e-13
1490,5.8490011e-13
1491,5.754521e-13
1492,5.7213698e-13
1493,5.6319203e-13
1494,5.596098e-13
1495,5.5426356e-13
1496,5.4948405e-13
1497,5.4793007e-13
1498,5.44246e-13
1499,5.3826596e-13
1500,5.3382643e-13
1501,5.2973279e-13
1502,5.2144269e-13
1503,5.181207e-13
1504,5.1690896e-13
1505,5.0955833e-13
1506,5.0676488e-13
1507,4.9804059e-13
1508,4.9751014e-13
1509,4.8867175e-13
1510,4.8694924e-13
1511,4.8118507e-13
1512,4.8001164e-13
1513,4.7730947e-13
1514,4.6839767e-13
1515,4.6316084e-13
1516,4.6008422e-13
1517,4.5472734e-13
1518,4.5244105e-13
1519,4.462512e-13
1520,4.4276192e-13
1521,4.3988113e-13
1522,4.3691161e-13
1523,4.2979148e-13
1524,4.2800452e-13
1525,4.2310989e-13
1526,4.2116342e-13
1527,4.1990606e-13
1528,4.1512167e-13
1529,4.1292603e-13
1530,4.1072248e-13
1531,4.063639e-13
1532,4.0155519e-13
1533,3.9850908e-13
1534,3.9539631e-13
1535,3.9081948e-13
1536,3.8678184e-13
1537,3.8637242e-13
1538,3.8009032e-13
1539,3.769477e-13
1540,3.7297578e-13
1541,3.717782e-13
1542,3.6529891e-13
1543,3.6142522e-13
1544,3.5987578e-13
1545,3.567459e-13
1546,3.5463454e-13
1547,3.5204985e-13
1548,3.4730397e-13
1549,3.4575914e-13
1550,3.439518e-13
1551,3.3960248e-13
1552,3.3755288e-13
1553,3.3441617e-13
1554,3.3222123e-13
1555,3.2901601e-13
1556,3.2563586e-13
1557,3.2418501e-13
1558,3.1883148e-13
1559,3.1584301e-13
1560,3.1400689e-13
1561,3.1250483e-13
1562,3.0943819e-13
1563,3.0706477e-13
1564,3.0206553e-13
1565,3.0089665e-13
1566,2.9992372e-13
1567,2.9720394e-13
1568,2.9321262e-13
1569,2.9152522e-13
1570,2.8821098e-13
1571,2.825109e-13
1572,2.7997177e-13
1573,2.7782622e-13
1574,2.7708807e-13
1575,2.7455062e-13
1576,2.7389556e-13
1577,2.7264686e-13
1578,2.6573465e-13
1579,2.6409296e-13
1580,2.6331981e-13
1581,2.5968902e-13
1582,2.5875097e-13
1583,2.5555893e-13
1584,2.5174605e-13
1585,2.5060498e-13
1586,2.4982389e-13
1587,2.4512292e-13
1588,2.4223876e-13
1589,2.4085491e-13
1590,2.4036498e-13
1591,2.3792613e-13
1592,2.3616871e-13
1593,2.3544285e-13
1594,2.3180065e-13
1595,2.2835248e-13
1596,2.2606588e-13
1597,2.2425462e-13
1598,2.2104627e-13
1599,2.1957246e-13
1600,2.1551494e-13
1601,2.1464384e-13
1602,2.1290283e-13
1603,2.1131729e-13
1604,2.1023673e-13
1605,2.0772941e-13
1606,2.0600808e-13
1607,2.0351459e-13
1608,2.0186369e-13
1609,1.9944645e-13
1610,1.9899614e-13
1611,1.9681393e-13
1612,1.9523838e-13
1613,1.9408898e-13
1614,1.9316581e-13
1615,1.9076369e-13
1616,1.8835359e-13
1617,1.8713793e-13
1618,1.8562636e-13
1619,1.8326746e-13
1620,1.8193116e-13
1621,1.8061064e-13
1622,1.7804751e-13
1623,1.7598565e-13
1624,1.7504552e-13
1625,1.7303826e-13
1626,1.7244569e-13
1627,1.7155524e-13
1628,1.70743e-13
1629,1.6927764e-13
1630,1.6641651e-13
1631,1.6486126e-13
1632,1.6440201e-13
1633,1.6344178e-13
1634,1.6215107e-13
1635,1.5846914e-13
1636,1.5791389e-13
1637,1.5650742e-13
1638,1.5556873e-13
1639,1.5538099e-13
1640,1.5185687e-13
1641,1.5062527e-13
1642,1.4861371e-13
1643,1.4804456e-13
1644,1.4735911e-13
1645,1.4613331e-13
1646,1.4574178e-13
1647,1.4376665e-13
1648,1.4249088e-13
1649,1.3959758e-13
1650,1.389677e-13
1651,1.3816104e-13
1652,1.3636421e-13
1653,1.3537306e-13
1654,1.342335e-13
1655,1.3339304e-13
1656,1.3135954e-13
1657,1.3065692e-13
1658,1.293537e-13
1659,1.2805796e-13
1660,1.2673542e-13
1661,1.257086e-13
1662,1.2385179e-13
1663,1.2297253e-13
1664,1.2213465e-13
1665,1.2115954e-13
1666,1.197468e-13
1667,1.181895e-13
1668,1.1740344e-13
1669,1.1641743e-13
1670,1.154657e-13
1671,1.1428106e-13
1672,1.1379157e-13
1673,1.1208329e-13
1674,1.1096012e-13
1675,1.1036438e-13
1676,1.0921824e-13
1677,1.081599e-13
1678,1.0730762e-13
1679,1.0680029e-13
1680,1.0676333e-13
1681,1.0572201e-13
1682,1.0420095e-13
1683,1.0297298e-13
1684,1.0264068e-13
1685,1.0168132e-13
1686,1.0040122e-13
1687,9.9966197e-14
1688,9.8815982e-14
1689,9.8052269e-14
1690,9.6715064e-14
1691,9.6553301e-14
1692,9.5136424e-14
1693,9.4176348e-14
1694,9.3157903e-14
1695,9.2852092e-14
1696,9.1935919e-14
1697,9.1343822e-14
1698,9.1005972e-14
1699,8.9982655e-14
1700,8.9596294e-14
1701,8.753923e-14
1702,8.6349167e-14
1703,8.5772419e-14
1704,8.5059083e-14
1705,8.474949e-14
1706,8.4306095e-14
1707,8.3840138e-14
1708,8.2443963e-14
1709,8.1561688e-14
1710,8.1318598e-14
1711,8.1224174e-14
1712,8.002988e-14
1713,7.9294835e-14
1714,7.8706087e-14
1715,7.7978517e-14
1716,7.7227118e-14
1717,7.677253e-14
1718,7.6582652e-14
1719,7.4856659e-14
1720,7.3970426e-14
1721,7.3616696e-14
1722,7.281958e-14
1723,7.2238805e-14
1724,7.1943496e-14
1725,7.1238036e-14
1726,7.0628998e-14
1727,7.0011245e-14
1728,6.959466e-14
1729,6.879954e-14
1730,6.8025904e-14
1731,6.7699491e-14
1732,6.688846e-14
1733,6.6668439e-14
1734,6.572693e-14
1735,6.4683884e-14
1736,6.3968422e-14
1737,6.3303141e-14
1738,6.2671242e-14
1739,6.1973584e-14
1740,6.1799998e-14
1741,6.1088201e-14
1742,6.0915253e-14
1743,6.0436467e-14
1744,5.9799604e-14
1745,5.9217925e-14
1746,5.8796017e-14
1747,5.7881137e-14
1748,5.7098329e-14
1749,5.6701409e-14
1750,5.6173526e-14
1751,5.5675411e-14
1752,5.5179518e-14
1753,5.4755332e-14
1754,5.4311371e-14
1755,5.3331233e-14
1756,5.3113316e-14
1757,5.2696664e-14
1758,5.2578961e-14
1759,5.2002516e-14
1760,5.138584e-14
1761,5.0670347e-14
1762,5.0578897e-14
1763,4.896448e-14
1764,4.8673011e-14
1765,4.8354687e-14
1766,4.8154188e-14
1767,4.7666212e-14
1768,4.7035809e-14
1769,4.6883829e-14
1770,4.612831e-14
1771,4.5303052e-14
1772,4.5014433e-14
1773,4.4672139e-14
1774,4.4596755e-14
1775,4.3949861e-14
1776,4.3764412e-14
1777,4.3031077e-14
1778,4.2626862e-14
1779,4.2349397e-14
1780,4.1673424e-14
1781,4.1522281e-14
1782,4.1252604e-14
1783,4.0682597e-14
1784,4.0398049e-14
1785,4.0064961e-14
1786,3.9278529e-14
1787,3.9102472e-14
1788,3.8841815e-14
1789,3.8490113e-14
1790,3.8086523e-14
1791,3.781114e-14
1792,3.7223694e-14
1793,3.691328e-14
1794,3.629927e-14
1795,3.6057093e-14
1796,3.5892106e-14
1797,3.5531259e-14
1798,3.5400237e-14
1799,3.5169581e-14
1800,3.4908574e-14
1801,3.4464102e-14
1802,3.4267459e-14
1803,3.3678187e-14
1804,3.3501508e-14
1805,3.3047367e-14
1806,3.2864033e-14
1807,3.2600281e-14
1808,3.2166652e-14
1809,3.1832007e-14
1810,3.1763051e-14
1811,3.1385292e-14
1812,3.0938871e-14
1813,3.0871412e-14
1814,3.0287677e-14
1815,3.0097335e-14
1816,2.9714691e-14
1817,2.9565844e-14
1818,2.9458207e-14
1819,2.8900211e-14
1820,2.8728934e-14
1821,2.833488e-14
1822,2.8230237e-14
1823,2.8092595e-14
1824,2.7662155e-14
1825,2.7427806e-14
1826,2.7023251e-14
1827,2.6611827e-14
1828,2.657279e-14
1829,2.642992e-14
1830,2.5911954e-14
1831,2.5551944e-14
1832,2.539879e-14
1833,2.503522e-14
1834,2.4798002e-14
1835,2.4769138e-14
1836,2.4491726e-14
1837,2.4437764e-14
1838,2.4143939e-14
1839,2.3701405e-14
1840,2.3524746e-14
1841,2.3408572e-14
1842,2.3123229e-14
1843,2.2828546e-14
1844,2.2692817e-14
1845,2.2596598e-14
1846,2.1968418e-14
1847,2.1858118e-14
1848,2.15252e-14
1849,2.1434343e-14
1850,2.1265476e-14
1851,2.1080743e-14
1852,2.0932317e-14
1853,2.0675891e-14
1854,2.0434181e-14
1855,2.0294628e-14
1856,2.0184791e-14
1857,1.9969871e-14
1858,1.9742147e-14
1859,1.9383678e-14
1860,1.9219489e-14
1861,1.9016892e-14
1862,1.8814218e-14
1863,1.8731211e-14
1864,1.85694e-14
1865,1.8414509e-14
1866,1.8283896e-14
1867,1.7777721e-14
1868,1.7652426e-14
1869,1.748575e-14
1870,1.739375e-14
1871,1.7081757e-14
1872,1.7034182e-14
1873,1.6886146e-14
1874,1.6492588e-14
1875,1.6361362e-14
1876,1.6232728e-14
1877,1.6085454e-14
1878,1.5895048e-14
1879,1.5741484e-14
1880,1.5537004e-14
1881,1.5265794e-14
1882,1.5172988e-14
1883,1.492933e-14
1884,1.4790941e-14
1885,1.4663003e-14
1886,1.4487129e-14
1887,1.4377983e-14
1888,1.42916e-14
1889,1.4046225e-14
1890,1.3918458e-14
1891,1.3871341e-14
1892,1.3651765e-14
1893,1.348268e-14
1894,1.3298328e-14
1895,1.3174984e-14
1896,1.2955782e-14
1897,1.2833922e-14
1898,1.2762654e-14
1899,1.2589803e-14
1900,1.2471403e-14
1901,1.2270766e-14
1902,1.2262336e-14
1903,1.2137463e-14
1904,1.189088e-14
1905,1.1834223e-14
1906,1.1697971e-14
1907,1.1669796e-14
1908,1.1487829e-14
1909,1.1388188e-14
1910,1.1206598e-14
1911,1.118473e-14
1912,1.1107414e-14
1913,1.0828219e-14
1914,1.0715933e-14
1915,1.0537822e-14
1916,1.0465011e-14
1917,1.0309573e-14
1918,1.0272349e-14
1919,1.0179731e-14
1920,1.0122308e-14
1921,9.9914205e-15
1922,9.9484305e-15
1923,9.8521059e-15
1924,9.6907528e-15
1925,9.5758673e-15
1926,9.4242033e-15
1927,9.3013745e-15
1928,9.1708155e-15
1929,9.1295388e-15
1930,9.0907982e-15
1931,8.9531981e-15
1932,8.8212321e-15
1933,8.7740607e-15
1934,8.6314903e-15
1935,8.5879995e-15
1936,8.4202523e-15
1937,8.3435149e-15
1938,8.1611162e-15
1939,8.1081887e-15
1940,8.0827803e-15
1941,7.9328596e-15
1942,7.8292602e-15
1943,7.7198895e-15
1944,7.6962494e-15
1945,7.5868573e-15
1946,7.551604e-15
1947,7.4631772e-15
1948,7.4232947e-15
1949,7.1967266e-15
1950,7.0773847e-15
1951,6.9696522e-15
1952,6.9115495e-15
1953,6.8490439e-15
1954,6.755499e-15
1955,6.6801279e-15
1956,6.6180699e-15
1957,6.4971542e-15
1958,6.4239201e-15
1959,6.3491304e-15
1960,6.2660755e-15
1961,6.1778633e-15
1962,6.0786988e-15
1963,5.9850055e-15
1964,5.8797434e-15
1965,5.8341465e-15
1966,5.7087948e-15
1967,5.6657657e-15
1968,5.6363119e-15
1969,5.5703358e-15
1970,5.4555789e-15
1971,5.3695052e-15
1972,5.3183213e-15
1973,5.2186219e-15
1974,5.2095234e-15
1975,5.1228327e-15
1976,5.0231945e-15
1977,4.9961244e-15
1978,4.9741872e-15
1979,4.878538e-15
1980,4.7562252e-15
1981,4.7155151e-15
1982,4.6744443e-15
1983,4.6399869e-15
1984,4.5121446e-15
1985,4.4285338e-15
1986,4.343685e-15
1987,4.3218257e-15
1988,4.273111e-15
1989,4.2063585e-15
1990,4.1598771e-15
1991,4.1090097e-15
1992,4.0454827e-15
1993,3.9913767e-15
1994,3.9121582e-15
1995,3.8715278e-15
1996,3.8641176e-15
1997,3.7943756e-15
1998,3.722061e-15
1999,3.6812579e-15
2000,3.5718789e-15
2001,3.5534602e-15
2002,3.538616e-15
2003,3.4520518e-15
2004,3.4228551e-15
2005,3.2938008e-15
2006,3.2296909e-15
2007,3.1584445e-15
2008,3.1444157e-15
2009,3.0982837e-15
2010,3.0376579e-15
2011,2.967279e-15
2012,2.9457891e-15
2013,2.902466e-15
2014,2.8287166e-15
2015,2.7800164e-15
2016,2.7317058e-15
2017,2.6722966e-15
2018,2.6409852e-15
2019,2.6031193e-15
2020,2.5655174e-15
2021,2.5324107e-15
2022,2.4584119e-15
2023,2.4014425e-15
2024,2.3596182e-15
2025,2.3337052e-15
2026,2.3059028e-15
2027,2.235439e-15
2028,2.1710027e-15
2029,2.0787074e-15
2030,2.051144e-15
2031,2.0144324e-15
2032,1.9305426e-15
2033,1.9204738e-15
2034,1.8775234e-15
2035,1.8515641e-15
2036,1.823806e-15
2037,1.696846e-15
2038,1.6846314e-15
2039,1.6173766e-15
2040,1.5946039e-15
2041,1.5833784e-15
2042,1.5283904e-15
2043,1.4752623e-15
2044,1.4308164e-15
2045,1.3988893e-15
2046,1.3340188e-15
2047,1.23979e-15
2048,6.5332627e-30
