mode,mu,sr_weight,plain_weight,residual_power
1,4126.1474,1,1,0.086745094
2,2378.3979,1,0.57642097,0.0026313332
3,714.16512,1,0.1730828,0.001876745
4,406.79978,1,0.098590704,0.81007264
5,343.05705,1,0.083142218,0.13309945
6,242.18526,1,0.058695251,0.073173155
7,221.67665,1,0.053724851,0.0004919123
8,113.13344,1,0.027418661,0.81667022
9,71.319789,1,0.017284838,0.00059842387
10,60.811689,1,0.014738128,0.00095108194
11,44.912335,1,0.010884811,0.00076366052
12,34.035971,1,0.0082488501,0.14855113
13,24.060456,1,0.0058312159,0.067351492
14,13.969807,1,0.0033856782,0.0097838532
15,12.99854,1,0.003150285,0.030309949
16,10.686968,1,0.0025900597,0.010114369
17,7.0707067,1,0.0017136341,0.0048884331
18,5.8549505,1,0.0014189872,0.020511353
19,5.3755457,1,0.0013028002,0.30267474
20,3.7202368,1,0.00090162479,0.25054856
21,3.3517401,1,0.00081231711,0.011232218
22,3.0028061,1,0.00072775058,0.0035938949
23,2.8385982,1,0.00068795367,0.00015093006
24,2.0320735,1,0.00049248689,0.00037872793
25,1.6424739,1,0.00039806476,0.041995986
26,1.4834691,1,0.00035952888,0.14728377
27,1.3921334,1,0.00033739303,0.089805799
28,1.0245626,1,0.00024830974,0.10582977
29,0.9078739,1,0.00022002944,0.073226704
30,0.84673645,1,0.00020521236,0.27370903
31,0.82389029,1,0.00019967544,0.32304139
32,0.74135871,1,0.00017967335,0.0027892955
33,0.71586944,1,0.00017349585,0.073405673
34,0.62540991,1,0.00015157236,0.038180345
35,0.59046481,1,0.00014310318,0.014896409
36,0.5356559,1,0.00012981986,0.31847132
37,0.48367843,1,0.00011722277,0.011476889
38,0.47107928,1,0.00011416928,0.012329742
39,0.43890833,1,0.00010637243,0.03600144
40,0.3930827,1,9.5266277e-05,0.00074432747
41,0.33599586,1,8.1430891e-05,0.0079436702
42,0.31207444,1,7.5633372e-05,0.085948708
43,0.28175964,1,6.8286372e-05,0.03596441
44,0.25609624,1,6.2066673e-05,0.00076077257
45,0.23993103,1,5.8148923e-05,0.11767465
46,0.1960941,1,4.7524745e-05,0.093480826
47,0.18807318,1,4.558082e-05,0.023826175
48,0.17498913,1,4.2409811e-05,0.010762351
49,0.1702248,1,4.1255144e-05,0.16476159
50,0.15064309,1,3.6509383e-05,0.0015058673
51,0.1441139,1,3.4926988e-05,0.042826045
52,0.12973631,1,3.144248e-05,0.04848276
53,0.11721007,1,2.8406661e-05,0.015207952
54,0.11364015,1,2.7541466e-05,0.0014486605
55,0.11126669,1,2.6966242e-05,0.006357065
56,0.10135104,1,2.4563116e-05,1.668919e-06
57,0.095587254,1,2.3166224e-05,0.029082774
58,0.094801677,1,2.2975834e-05,0.00090207545
59,0.080162331,1,1.9427888e-05,0.0030774661
60,0.076718504,1,1.8593253e-05,0.030262165
61,0.073170931,1,1.7733475e-05,0.083614694
62,0.070386883,1,1.7058742e-05,0.015460362
63,0.062901465,1,1.52446e-05,0.00018050629
64,0.060046056,1,1.4552572e-05,0.00034240678
65,0.058710848,1,1.4228975e-05,0.0019074508
66,0.054878569,1,1.3300196e-05,0.015625607
67,0.053686182,1,1.3011213e-05,0.0013970794
68,0.050209966,1,1.2168728e-05,0.00089219654
69,0.048477858,1,1.174894e-05,0.01305571
70,0.045364299,1,1.0994348e-05,0.0064059615
71,0.042460875,1,1.0290683e-05,0.029574622
72,0.042073059,1,1.0196693e-05,2.2416908e-06
73,0.039355596,1,9.5380975e-06,0.007866772
74,0.037270353,1,9.0327246e-06,0.025946162
75,0.036038364,1,8.7341435e-06,0.0080123402
76,0.035522461,1,8.6091111e-06,0.00049308635
77,0.033130611,1,8.0294298e-06,0.052601583
78,0.031347829,1,7.5973605e-06,0.0022963611
79,0.030723328,1,7.4460083e-06,0.0018606754
80,0.028566347,1,6.9232493e-06,0.017641168
81,0.027270378,1,6.6091623e-06,0.044638767
82,0.027101104,1,6.5681377e-06,0.024189076
83,0.024791164,1,6.0083078e-06,0.09019437
84,0.024215482,1,5.8687875e-06,0.028946124
85,0.022527838,1,5.4597755e-06,0.082262883
86,0.021828503,1,5.2902869e-06,0.029529771
87,0.021236478,1,5.1468054e-06,0.0036809778
88,0.019392319,1,4.6998608e-06,0.040255936
89,0.018936084,1,4.5892894e-06,0.040702047
90,0.018434263,1,4.4676695e-06,0.13213058
91,0.016638553,1,4.032467e-06,0.0045238912
92,0.015803406,1,3.8300634e-06,0.033666465
93,0.015200733,1,3.6840015e-06,0.10043935
94,0.014551382,1,3.5266269e-06,5.8595593e-05
95,0.014031525,1,3.4006359e-06,0.025579335
96,0.013749293,1,3.332235e-06,0.032491536
97,0.012820503,1,3.1071366e-06,0.015626013
98,0.012306795,1,2.9826358e-06,8.3373751e-05
99,0.011843581,1,2.8703727e-06,0.0083186445
100,0.01172251,1,2.8410304e-06,0.033008468
101,0.010903599,1,2.6425617e-06,0.012267216
102,0.010074307,1,2.441577e-06,0.0006794233
103,0.009701832,1,2.3513053e-06,0.0069289423
104,0.0094827108,1,2.2981997e-06,0.0013071249
105,0.0091006766,1,2.2056111e-06,0.0098625988
106,0.0088939811,1,2.1555171e-06,0.016597802
107,0.0087281596,1,2.1153291e-06,0.0042236758
108,0.0078697039,1,1.9072765e-06,0.0067853989
109,0.0076850755,1,1.8625305e-06,0.0035487065
110,0.0074670649,1,1.8096942e-06,0.022587598
111,0.0070495138,1,1.7084978e-06,0.033629187
112,0.0065514927,1,1.587799e-06,8.4199054e-07
113,0.0064111408,1,1.5537838e-06,0.003825155
114,0.0061227214,1,1.4838833e-06,0.0049574153
115,0.0058843874,1,1.4261215e-06,0.0020067407
116,0.0056676969,1,1.373605e-06,0.014325002
117,0.0056306479,1,1.364626e-06,0.0054013758
118,0.005290749,1,1.2822492e-06,9.6457323e-07
119,0.0051169293,1,1.2401228e-06,0.014252886
120,0.0048497514,1,1.1753704e-06,0.0030921979
121,0.0047077036,1,1.1409441e-06,0.0014085259
122,0.0045157515,1,1.0944232e-06,0.0280996
123,0.0044531016,1,1.0792396e-06,0.00024683752
124,0.0042903596,1,1.0397979e-06,0.045203166
125,0.0042313907,1,1.0255064e-06,0.031480379
126,0.0041089764,1,9.958385e-07,0.021391457
127,0.0039635905,1,9.6060324e-07,0.0007495785
128,0.0037327633,1,9.0466068e-07,0.00084376724
129,0.0035996719,1,8.7240507e-07,0.0039497455
130,0.0035746341,1,8.6633699e-07,0.00097781426
131,0.003315893,1,8.0362932e-07,0.0014605442
132,0.0031599089,1,7.658255e-07,0.0072247298
133,0.003046789,1,7.3841013e-07,0.00019436251
134,0.0029554492,1,7.1627331e-07,0.0065505143
135,0.0029159532,1,7.0670117e-07,0.0019998723
136,0.0027945716,1,6.772835e-07,0.010303013
137,0.002741973,1,6.6453588e-07,0.0018649117
138,0.0026379555,1,6.3932653e-07,0.0049076373
139,0.0026007782,1,6.3031636e-07,0.0043125999
140,0.0025791674,1,6.2507885e-07,2.397964e-05
141,0.0025144483,1,6.0939371e-07,6.1934406e-05
142,0.0024291874,1,5.8873015e-07,0.0045670426
143,0.0023770573,1,5.7609607e-07,0.0030677197
144,0.0022928692,1,5.5569251e-07,0.0067025466
145,0.002150392,1,5.2116219e-07,0.0017756693
146,0.0020821851,1,5.0463177e-07,0.00032922685
147,0.0020603755,1,4.9934609e-07,0.00016541447
148,0.0020079868,1,4.8664933e-07,0.0015485241
149,0.001956362,1,4.7413769e-07,0.00014062016
150,0.0019020227,1,4.6096819e-07,0.00038355971
151,0.0018564449,1,4.499221e-07,0.0038001685
152,0.0018481893,1,4.4792129e-07,0.0091733628
153,0.0017138075,1,4.1535294e-07,0.00032405187
154,0.0016650151,1,4.0352778e-07,7.6748494e-05
155,0.0016315609,1,3.9541992e-07,8.3320778e-06
156,0.0016212781,1,3.9292782e-07,0.0027703778
157,0.0014786221,1,3.5835416e-07,0.00052904868
158,0.00145842,1,3.5345805e-07,0.0018353455
159,0.0014445341,1,3.500927e-07,0.00060091947
160,0.0014101584,1,3.4176151e-07,0.0020647553
161,0.001387833,1,3.3635081e-07,0.00044357952
162,0.0013134647,1,3.1832715e-07,0.0032916934
163,0.0012780522,1,3.0974467e-07,0.005435027
164,0.0012568038,1,3.0459498e-07,0.010591701
165,0.0012291682,1,2.978973e-07,1.4738226e-05
166,0.0011848571,1,2.871582e-07,0.0009525929
167,0.0011665926,1,2.8273169e-07,0.00023171802
168,0.0011334256,1,2.7469345e-07,0.001489029
169,0.0011188459,1,2.7115993e-07,0.00019424558
170,0.0010816147,1,2.621367e-07,0.0023422574
171,0.0010665532,1,2.5848645e-07,0.00098033371
172,0.0010482535,1,2.5405139e-07,6.8347079e-05
173,0.00093020253,1,2.2544094e-07,5.7355564e-05
174,0.00091923966,1,2.2278401e-07,0.00016066942
175,0.00091080692,1,2.2074028e-07,0.002612597
176,0.00087954792,1,2.1316445e-07,0.00083614214
177,0.00084044025,1,2.0368644e-07,0.0051774536
178,0.00082318286,1,1.9950399e-07,0.0015003806
179,0.00081479601,1,1.9747138e-07,0.00059820583
180,0.00079412669,1,1.9246203e-07,0.014747348
181,0.00078737374,1,1.908254e-07,0.00067867687
182,0.00076306373,1,1.8493371e-07,1.3750794e-06
183,0.00074887268,1,1.8149441e-07,0.0033922471
184,0.00071479826,1,1.7323624e-07,0.015859542
185,0.00071009978,1,1.7209753e-07,0.0030031869
186,0.00067903759,1,1.645694e-07,0.0010035589
187,0.0006585197,1,1.5959675e-07,0.004819669
188,0.00064892921,1,1.5727243e-07,0.0035439801
189,0.00064211326,1,1.5562053e-07,0.0011784667
190,0.00062124942,1,1.5056404e-07,0.00087458384
191,0.00060166569,1,1.4581779e-07,0.00079080336
192,0.00059723094,1,1.44743e-07,0.00081869268
193,0.0005877053,1,1.4243439e-07,0.0018499369
194,0.00056680126,1,1.3736816e-07,0.0016776289
195,0.00055731125,1,1.3506819e-07,0.00071880534
196,0.00054843153,1,1.3291613e-07,0.0012017135
197,0.00053713274,1,1.3017779e-07,0.0048976613
198,0.00052887574,1,1.2817665e-07,5.3934433e-05
199,0.00051950826,1,1.2590638e-07,7.4788789e-05
200,0.00049463655,1,1.1987855e-07,5.827808e-06
201,0.00047554954,1,1.1525268e-07,0.0005177871
202,0.00046085798,1,1.1169208e-07,0.00037112156
203,0.00044572853,1,1.0802535e-07,0.0017670042
204,0.00044111991,1,1.0690842e-07,0.00041727739
205,0.00043307078,1,1.0495766e-07,0.00039044267
206,0.0004235608,1,1.0265285e-07,0.0004805678
207,0.00041002955,1,9.9373463e-08,5.3837536e-05
208,0.00039880667,1,9.6653521e-08,0.00059862493
209,0.00038776816,1,9.3978262e-08,0.0003115974
210,0.0003835215,1,9.2949056e-08,0.00015536007
211,0.00037203032,1,9.016409e-08,0.00030373692
212,0.00036203274,1,8.7741108e-08,0.00058930173
213,0.00035469171,1,8.5961959e-08,0.00038808187
214,0.00034961301,1,8.47311e-08,0.00053062062
215,0.00034307122,1,8.3145654e-08,0.0002491366
216,0.00033411045,1,8.097395e-08,6.1379554e-06
217,0.00032931922,1,7.9812761e-08,0.00010864794
218,0.00032361355,1,7.8429953e-08,0.00026909552
219,0.00031716273,1,7.6866555e-08,6.3099513e-05
220,0.00030363668,1,7.3588424e-08,0.0018291177
221,0.0002987321,1,7.2399765e-08,0.00019278068
222,0.00028597778,1,6.9308668e-08,0.00032058532
223,0.00028207841,1,6.8363629e-08,6.7573738e-05
224,0.00027626757,1,6.6955331e-08,6.8597357e-05
225,0.00026820162,1,6.5000493e-08,1.3776867e-05
226,0.00026735095,1,6.4794328e-08,0.00034673859
227,0.00025939696,1,6.2866624e-08,0.00033140415
228,0.0002590988,1,6.2794365e-08,0.0002482287
229,0.00025299978,1,6.1316224e-08,4.0062537e-05
230,0.00024736361,1,5.9950259e-08,4.1571312e-05
231,0.00024294305,1,5.8878907e-08,0.00032846974
232,0.000239685,1,5.8089297e-08,4.6370098e-05
233,0.00022598727,1,5.4769559e-08,0.00012462664
234,0.00022248754,1,5.3921376e-08,2.9471435e-07
235,0.00021835816,1,5.2920591e-08,0.00030548602
236,0.00021373083,1,5.1799125e-08,0.0001355941
237,0.00020896623,1,5.0644393e-08,7.1003836e-05
238,0.00020760938,1,5.0315552e-08,0.00032413429
239,0.00019924354,1,4.8288033e-08,1.9371557e-05
240,0.00019766247,1,4.790485e-08,0.00020971181
241,0.00019408591,1,4.7038045e-08,4.3637278e-05
242,0.00018562615,1,4.4987765e-08,5.4041659e-06
243,0.00018387664,1,4.4563759e-08,1.1389948e-06
244,0.0001806387,1,4.3779023e-08,6.8689216e-05
245,0.0001740322,1,4.2177892e-08,4.0917032e-05
246,0.00016905604,1,4.0971886e-08,5.0197501e-05
247,0.00016705133,1,4.0486031e-08,5.3395906e-05
248,0.00016314751,1,3.9539912e-08,7.0363786e-05
249,0.00016020601,1,3.882702e-08,6.3932779e-05
250,0.00015696349,1,3.8041174e-08,2.316802e-06
251,0.00015052047,1,3.6479665e-08,3.1657775e-06
252,0.00014858053,1,3.6009506e-08,2.5136542e-05
253,0.00014384152,1,3.4860976e-08,2.8714604e-05
254,0.00014134593,1,3.4256153e-08,1.4226402e-05
255,0.00013971011,1,3.3859699e-08,7.0224911e-06
256,0.00013588728,1,3.2933209e-08,2.2554231e-06
257,0.00013064098,1,3.1661735e-08,1.4401823e-06
258,0.0001282229,1,3.1075695e-08,5.423563e-06
259,0.00012573651,1,3.0473102e-08,1.7232538e-06
260,0.00012298209,1,2.980555e-08,2.2894994e-06
261,0.00012185375,1,2.9532088e-08,7.069112e-07
262,0.00011961009,1,2.8988321e-08,1.8302854e-06
263,0.00011700693,1,2.8357428e-08,4.66923e-07
264,0.00011612891,1,2.8144635e-08,1.7871558e-06
265,0.00011326778,1,2.7451221e-08,1.0603743e-05
266,0.00011076353,1,2.6844297e-08,4.1099216e-07
267,0.00010908304,1,2.6437019e-08,7.2316193e-06
268,0.00010539233,1,2.5542551e-08,1.0977605e-05
269,0.00010169021,1,2.4645318e-08,2.3953642e-07
270,9.9367691e-05,1,2.4082439e-08,1.0654455e-05
271,9.732365e-05,1,2.3587051e-08,4.6467029e-05
272,9.3639604e-05,1,2.2694197e-08,3.9813722e-08
273,9.1167457e-05,1,2.2095056e-08,8.9969682e-06
274,8.9657668e-05,1,2.1729148e-08,1.7861361e-07
275,8.8844792e-05,1,2.1532142e-08,3.517073e-06
276,8.6919702e-05,1,2.1065583e-08,8.1057046e-06
277,8.5260589e-05,1,2.0663486e-08,2.0325981e-07
278,8.4768234e-05,1,2.054416e-08,2.1988133e-05
279,8.4227086e-05,1,2.0413009e-08,3.2267011e-06
280,8.1761468e-05,1,1.981545e-08,4.2553766e-08
281,8.0057988e-05,1,1.94026e-08,1.812376e-05
282,7.7739294e-05,1,1.8840649e-08,4.3348322e-06
283,7.7173601e-05,1,1.8703549e-08,3.781865e-06
284,7.6417189e-05,1,1.8520228e-08,4.817305e-08
285,7.5025471e-05,1,1.8182935e-08,7.6734372e-07
286,7.4281063e-05,1,1.8002523e-08,4.4417942e-06
287,7.2272988e-05,1,1.7515852e-08,3.1308471e-06
288,6.9434263e-05,1,1.6827868e-08,1.1995084e-09
289,6.8548854e-05,1,1.6613283e-08,1.9349692e-06
290,6.7586883e-05,1,1.6380143e-08,1.3117134e-05
291,6.5892936e-05,1,1.5969603e-08,1.1877159e-05
292,6.3792586e-05,1,1.5460569e-08,1.8365883e-06
293,6.3508154e-05,1,1.5391635e-08,2.5898009e-06
294,6.0842329e-05,1,1.4745554e-08,2.8671804e-07
295,5.8091096e-05,1,1.4078774e-08,2.4534202e-05
296,5.7042916e-05,1,1.382474e-08,9.8508709e-07
297,5.6614716e-05,1,1.3720963e-08,1.5148906e-08
298,5.5871439e-05,1,1.3540825e-08,4.7558802e-08
299,5.508146e-05,1,1.3349368e-08,2.1550273e-07
300,5.4249429e-05,1,1.314772e-08,9.2284057e-06
301,5.4111357e-05,1,1.3114257e-08,4.3321211e-06
302,5.3385054e-05,1,1.2938233e-08,1.8651946e-05
303,5.0963155e-05,1,1.2351269e-08,3.3042527e-06
304,5.0249001e-05,1,1.2178188e-08,3.3338258e-07
305,4.974969e-05,1,1.2057177e-08,9.7144416e-06
306,4.8079038e-05,1,1.1652283e-08,7.3073862e-06
307,4.6453197e-05,1,1.125825e-08,2.7870558e-05
308,4.6155589e-05,1,1.1186122e-08,1.0066347e-05
309,4.5439445e-05,1,1.101256e-08,2.7477064e-05
310,4.4729886e-05,1,1.0840593e-08,2.5635745e-05
311,4.4438084e-05,1,1.0769873e-08,2.5404318e-07
312,4.3693815e-05,1,1.0589495e-08,1.0473938e-09
313,4.3345227e-05,1,1.0505012e-08,3.8198676e-05
314,4.2522698e-05,1,1.0305666e-08,5.3972569e-06
315,4.1452113e-05,1,1.0046203e-08,3.7989792e-06
316,4.1247478e-05,1,9.9966079e-09,2.9445723e-06
317,4.089078e-05,1,9.9101598e-09,1.1689072e-06
318,3.9411107e-05,1,9.551551e-09,1.719706e-06
319,3.8659928e-05,1,9.3694977e-09,8.2731645e-06
320,3.7843019e-05,1,9.1715141e-09,4.4752937e-06
321,3.6735406e-05,1,8.9030765e-09,8.6082705e-06
322,3.6509923e-05,1,8.8484292e-09,1.9872131e-05
323,3.5780555e-05,1,8.6716619e-09,2.8853634e-08
324,3.5441104e-05,1,8.5893937e-09,2.7557238e-06
325,3.4660119e-05,1,8.4001165e-09,4.0923907e-07
326,3.4089685e-05,1,8.261868e-09,2.6951588e-06
327,3.3762371e-05,1,8.1825413e-09,1.8083931e-06
328,3.3241871e-05,1,8.0563944e-09,1.4951589e-06
329,3.2830803e-05,1,7.9567692e-09,1.5614468e-05
330,3.1705127e-05,1,7.6839541e-09,3.7350077e-06
331,3.1461945e-05,1,7.6250172e-09,1.5625353e-06
332,3.0248304e-05,1,7.3308829e-09,5.5603403e-06
333,2.9714484e-05,1,7.2015081e-09,5.6416797e-05
334,2.962073e-05,1,7.1787862e-09,2.9711536e-08
335,2.9358774e-05,1,7.1152995e-09,3.17038e-07
336,2.8315687e-05,1,6.8625003e-09,5.8209057e-07
337,2.7932006e-05,1,6.7695125e-09,3.7799749e-06
338,2.7591874e-05,1,6.687079e-09,6.0644565e-08
339,2.7105683e-05,1,6.5692475e-09,8.5612417e-06
340,2.6099388e-05,1,6.325365e-09,6.0576856e-05
341,2.5982539e-05,1,6.2970457e-09,5.7032412e-06
342,2.5817461e-05,1,6.2570379e-09,4.8073405e-06
343,2.4927383e-05,1,6.0413215e-09,7.5505606e-06
344,2.4773704e-05,1,6.0040763e-09,4.6236438e-06
345,2.4302936e-05,1,5.8899826e-09,5.4790241e-06
346,2.3743419e-05,1,5.7543799e-09,1.1213161e-06
347,2.3142833e-05,1,5.6088236e-09,2.5371903e-05
348,2.2994536e-05,1,5.5728829e-09,1.3411191e-05
349,2.2938995e-05,1,5.559422e-09,1.0574061e-05
350,2.2378841e-05,1,5.423665e-09,8.9241962e-06
351,2.1664361e-05,1,5.250506e-09,4.2096144e-06
352,2.1385826e-05,1,5.183001e-09,4.861525e-05
353,2.090291e-05,1,5.065963e-09,2.1233374e-05
354,2.066944e-05,1,5.00938e-09,3.6306059e-05
355,2.0303323e-05,1,4.9206489e-09,5.8636853e-06
356,2.0101654e-05,1,4.871773e-09,6.3828917e-06
357,1.9923613e-05,1,4.8286236e-09,3.5626849e-07
358,1.9729438e-05,1,4.7815641e-09,2.7415545e-06
359,1.9212696e-05,1,4.656328e-09,2.4234179e-07
360,1.9054427e-05,1,4.6179705e-09,1.1411214e-05
361,1.8254756e-05,1,4.4241649e-09,0.00022998866
362,1.8185646e-05,1,4.4074156e-09,9.0120663e-05
363,1.7885649e-05,1,4.3347091e-09,0.00012614814
364,1.7660169e-05,1,4.2800625e-09,8.0318033e-06
365,1.6965126e-05,1,4.1116141e-09,3.1367151e-05
366,1.6833823e-05,1,4.0797921e-09,2.7201773e-05
367,1.6675757e-05,1,4.0414835e-09,3.924063e-06
368,1.649555e-05,1,3.9978092e-09,2.6762961e-06
369,1.6200267e-05,1,3.9262455e-09,3.0573229e-05
370,1.6009828e-05,1,3.8800912e-09,1.1996033e-05
371,1.5657845e-05,1,3.7947858e-09,7.1608488e-05
372,1.538019e-05,1,3.7274941e-09,0.00010048841
373,1.5156319e-05,1,3.6732374e-09,1.2858347e-11
374,1.4944262e-05,1,3.621844e-09,0.00013297449
375,1.4553891e-05,1,3.5272348e-09,1.9326691e-07
376,1.4432004e-05,1,3.4976948e-09,4.2073724e-05
377,1.4366571e-05,1,3.4818366e-09,7.2746713e-05
378,1.4059452e-05,1,3.4074043e-09,4.4082729e-05
379,1.3942398e-05,1,3.3790353e-09,0.00012397929
380,1.3880087e-05,1,3.3639339e-09,8.4672833e-09
381,1.3759745e-05,1,3.3347683e-09,1.3377689e-05
382,1.3576818e-05,1,3.2904345e-09,1.4645631e-06
383,1.3229713e-05,1,3.2063112e-09,2.6883593e-06
384,1.3093344e-05,1,3.1732614e-09,3.4084533e-05
385,1.2469211e-05,1,3.0219984e-09,8.4306923e-05
386,1.2396088e-05,1,3.0042766e-09,5.8255928e-06
387,1.2191243e-05,1,2.9546311e-09,3.4450178e-07
388,1.184608e-05,1,2.8709784e-09,6.8908435e-05
389,1.1787128e-05,1,2.8566911e-09,2.1043059e-05
390,1.1745852e-05,1,2.8466874e-09,7.6513055e-06
391,1.1497161e-05,1,2.7864154e-09,7.6550858e-06
392,1.1217563e-05,1,2.7186531e-09,3.6671176e-06
393,1.1100898e-05,1,2.6903785e-09,1.5237488e-05
394,1.0768788e-05,1,2.6098893e-09,4.3820254e-05
395,1.06653e-05,1,2.5848082e-09,6.2576106e-06
396,1.0267915e-05,1,2.4884992e-09,2.5890806e-08
397,1.0166967e-05,1,2.4640339e-09,7.5183929e-06
398,1.0071991e-05,1,2.4410159e-09,9.3404818e-05
399,9.836086e-06,1,2.3838426e-09,1.5507215e-05
400,9.7871691e-06,1,2.3719873e-09,9.5515076e-06
401,9.7305619e-06,1,2.3582681e-09,8.8477343e-05
402,9.6396563e-06,1,2.3362365e-09,5.2100783e-07
403,9.5510089e-06,1,2.3147522e-09,6.4583917e-05
404,9.2211682e-06,1,2.2348131e-09,4.4233873e-05
405,9.1305725e-06,1,2.2128566e-09,3.4093233e-07
406,9.0242804e-06,1,2.187096e-09,2.2067745e-09
407,8.8192188e-06,1,2.1373979e-09,3.3093115e-05
408,8.6700433e-06,1,2.1012442e-09,2.1163751e-06
409,8.471943e-06,1,2.0532333e-09,2.0445209e-05
410,8.3584473e-06,1,2.0257268e-09,7.6035394e-07
411,8.2146822e-06,1,1.9908843e-09,7.3571391e-07
412,8.1325245e-06,1,1.9709729e-09,1.7660334e-09
413,8.0473931e-06,1,1.9503407e-09,2.5544098e-05
414,7.8652106e-06,1,1.9061875e-09,5.1739986e-08
415,7.7564151e-06,1,1.8798202e-09,3.0746126e-08
416,7.6944768e-06,1,1.864809e-09,1.0489611e-05
417,7.5255585e-06,1,1.8238705e-09,2.2864655e-07
418,7.3325995e-06,1,1.7771056e-09,5.640979e-06
419,7.2319578e-06,1,1.7527144e-09,3.734905e-06
420,7.1572572e-06,1,1.7346102e-09,2.9307013e-08
421,7.088933e-06,1,1.7180513e-09,1.3555771e-05
422,6.8991887e-06,1,1.6720655e-09,2.6378056e-05
423,6.743112e-06,1,1.6342393e-09,1.1957692e-06
424,6.7357586e-06,1,1.6324571e-09,1.1446678e-07
425,6.511897e-06,1,1.5782027e-09,3.1888031e-07
426,6.447268e-06,1,1.5625394e-09,6.1993242e-06
427,6.3702546e-06,1,1.5438747e-09,1.674399e-05
428,6.3033221e-06,1,1.5276532e-09,2.0220562e-05
429,6.2077842e-06,1,1.5044989e-09,2.0626559e-06
430,6.0119401e-06,1,1.4570347e-09,1.0749692e-07
431,5.9488977e-06,1,1.441756e-09,1.1437217e-05
432,5.9174443e-06,1,1.434133e-09,6.4079918e-07
433,5.8027827e-06,1,1.406344e-09,1.4037942e-05
434,5.7136443e-06,1,1.3847407e-09,8.9055352e-06
435,5.6328349e-06,1,1.365156e-09,6.1237434e-07
436,5.5144858e-06,1,1.3364733e-09,2.746573e-06
437,5.3388628e-06,1,1.2939099e-09,1.1931116e-05
438,5.273608e-06,1,1.2780949e-09,5.745077e-06
439,5.225685e-06,1,1.2664804e-09,2.5660884e-07
440,5.1842799e-06,1,1.2564457e-09,2.3108018e-05
441,5.0298448e-06,1,1.2190172e-09,4.5797477e-06
442,4.9859878e-06,1,1.2083882e-09,2.8652599e-06
443,4.9158985e-06,1,1.1914016e-09,2.5143322e-05
444,4.8599827e-06,1,1.17785e-09,1.0621835e-05
445,4.778672e-06,1,1.1581438e-09,4.3300292e-06
446,4.6393989e-06,1,1.12439e-09,3.5798009e-06
447,4.5710717e-06,1,1.1078304e-09,3.7593758e-06
448,4.5313481e-06,1,1.0982032e-09,6.9005183e-06
449,4.4459438e-06,1,1.0775049e-09,3.232421e-05
450,4.4221752e-06,1,1.0717444e-09,1.3376893e-07
451,4.3217935e-06,1,1.0474162e-09,3.6239041e-07
452,4.2404284e-06,1,1.0276968e-09,3.2120106e-06
453,4.2109899e-06,1,1.0205622e-09,1.1462693e-12
454,4.1909933e-06,1,1.0157158e-09,3.3014763e-06
455,4.0670635e-06,1,9.8568062e-10,2.2347699e-07
456,4.0220134e-06,1,9.7476242e-10,6.8155035e-06
457,3.9468374e-06,1,9.56543e-10,2.5266413e-08
458,3.8795959e-06,1,9.4024656e-10,7.9608994e-06
459,3.8572159e-06,1,9.3482261e-10,1.0242002e-06
460,3.7571001e-06,1,9.1055887e-10,3.1321038e-06
461,3.7168083e-06,1,9.0079387e-10,9.3748193e-06
462,3.6296285e-06,1,8.7966526e-10,1.7794776e-06
463,3.6049719e-06,1,8.7368956e-10,5.703239e-07
464,3.5174226e-06,1,8.5247138e-10,7.3180524e-07
465,3.5080982e-06,1,8.5021157e-10,3.1130314e-06
466,3.4596979e-06,1,8.384814e-10,9.0631251e-07
467,3.3838402e-06,1,8.2009678e-10,3.0341866e-06
468,3.295787e-06,1,7.9875649e-10,1.9520248e-05
469,3.2438833e-06,1,7.8617726e-10,2.4642384e-06
470,3.172671e-06,1,7.6891848e-10,4.2191023e-06
471,3.146776e-06,1,7.6264267e-10,1.4790234e-06
472,3.1019193e-06,1,7.5177133e-10,4.1551083e-07
473,3.0500089e-06,1,7.3919048e-10,1.7184074e-07
474,2.9925102e-06,1,7.2525528e-10,1.6061336e-06
475,2.976764e-06,1,7.2143908e-10,5.2693698e-06
476,2.9403926e-06,1,7.1262423e-10,6.1445128e-06
477,2.8723442e-06,1,6.9613224e-10,1.6444363e-05
478,2.8547625e-06,1,6.918712e-10,1.8066515e-06
479,2.8329898e-06,1,6.8659444e-10,1.0552826e-06
480,2.781959e-06,1,6.7422675e-10,3.3239856e-06
481,2.7643456e-06,1,6.6995804e-10,1.624837e-06
482,2.7360208e-06,1,6.6309333e-10,4.6030907e-07
483,2.678496e-06,1,6.4915179e-10,2.7898563e-06
484,2.6697892e-06,1,6.4704166e-10,4.750752e-08
485,2.6453317e-06,1,6.4111421e-10,3.6909573e-08
486,2.5967649e-06,1,6.2934371e-10,2.1154198e-07
487,2.5613417e-06,1,6.2075865e-10,2.886168e-07
488,2.445888e-06,1,5.9277766e-10,7.5407855e-07
489,2.4121648e-06,1,5.846046e-10,8.3594052e-06
490,2.3852148e-06,1,5.7807309e-10,2.7103955e-06
491,2.3646722e-06,1,5.7309446e-10,7.4995202e-06
492,2.3275476e-06,1,5.6409706e-10,1.0340182e-05
493,2.2995033e-06,1,5.5730033e-10,7.8128101e-06
494,2.2790744e-06,1,5.5234924e-10,5.2539939e-06
495,2.2516929e-06,1,5.4571316e-10,1.0658671e-06
496,2.2266951e-06,1,5.3965477e-10,3.1857766e-06
497,2.2155193e-06,1,5.3694622e-10,2.2809984e-06
498,2.1749791e-06,1,5.2712105e-10,2.1323641e-07
499,2.1341552e-06,1,5.172271e-10,4.6756877e-09
500,2.0705043e-06,1,5.0180086e-10,9.6017765e-08
501,2.0533842e-06,1,4.9765169e-10,1.0734088e-05
502,2.0153827e-06,1,4.8844176e-10,1.0426349e-07
503,1.9905641e-06,1,4.8242681e-10,2.9605291e-06
504,1.9490579e-06,1,4.7236749e-10,1.325915e-07
505,1.9351479e-06,1,4.6899631e-10,1.5820533e-06
506,1.920882e-06,1,4.6553887e-10,2.0448418e-07
507,1.8908399e-06,1,4.5825797e-10,2.7128151e-07
508,1.8490616e-06,1,4.4813271e-10,2.6289744e-06
509,1.7962008e-06,1,4.3532154e-10,1.500319e-06
510,1.7877738e-06,1,4.3327919e-10,1.860932e-06
511,1.7677135e-06,1,4.2841745e-10,4.660334e-10
512,1.7581666e-06,1,4.2610368e-10,2.8988527e-06
513,1.730623e-06,1,4.1942831e-10,3.580504e-08
514,1.6975466e-06,1,4.1141202e-10,5.7293495e-07
515,1.6745072e-06,1,4.0582826e-10,1.7175608e-06
516,1.6467064e-06,1,3.9909055e-10,3.0407714e-07
517,1.6424842e-06,1,3.9806725e-10,8.2820369e-07
518,1.5870039e-06,1,3.8462123e-10,6.003331e-07
519,1.5748835e-06,1,3.8168378e-10,1.1199152e-06
520,1.5453889e-06,1,3.7453556e-10,7.4303374e-07
521,1.5355907e-06,1,3.7216089e-10,3.0126911e-06
522,1.5175509e-06,1,3.6778882e-10,5.2269598e-07
523,1.4911479e-06,1,3.6138989e-10,4.9462998e-07
524,1.4581155e-06,1,3.5338426e-10,1.8498909e-08
525,1.450621e-06,1,3.5156791e-10,1.8650941e-06
526,1.4135191e-06,1,3.4257601e-10,9.877249e-09
527,1.4050505e-06,1,3.4052357e-10,4.6411215e-07
528,1.3859553e-06,1,3.3589574e-10,6.5730628e-07
529,1.3685892e-06,1,3.3168694e-10,1.1723413e-08
530,1.3555697e-06,1,3.2853157e-10,1.2388699e-06
531,1.3421451e-06,1,3.2527804e-10,4.1242403e-08
532,1.3017516e-06,1,3.154884e-10,1.4770354e-07
533,1.2981431e-06,1,3.1461386e-10,1.4849705e-06
534,1.2828717e-06,1,3.1091272e-10,1.3173332e-06
535,1.2680576e-06,1,3.0732242e-10,2.6716993e-07
536,1.2547992e-06,1,3.0410915e-10,4.8740244e-07
537,1.2363907e-06,1,2.9964772e-10,4.0846937e-06
538,1.2256614e-06,1,2.9704741e-10,1.0566456e-06
539,1.2083381e-06,1,2.9284899e-10,8.3582391e-09
540,1.1955798e-06,1,2.8975693e-10,9.1220505e-08
541,1.1735352e-06,1,2.8441426e-10,4.3210295e-08
542,1.1455381e-06,1,2.7762899e-10,1.1873897e-07
543,1.1432995e-06,1,2.7708644e-10,1.0216099e-07
544,1.1356095e-06,1,2.7522271e-10,1.3003332e-09
545,1.1130682e-06,1,2.6975967e-10,2.5013851e-09
546,1.0868729e-06,1,2.6341107e-10,4.1055328e-08
547,1.0633254e-06,1,2.5770418e-10,1.709496e-07
548,1.0568428e-06,1,2.5613308e-10,2.3924273e-08
549,1.0480835e-06,1,2.5401019e-10,3.4926679e-07
550,1.0387936e-06,1,2.5175873e-10,2.2488232e-07
551,1.0184631e-06,1,2.468315e-10,2.4597564e-09
552,1.0141284e-06,1,2.4578095e-10,4.5855879e-07
553,1.0010169e-06,1,2.4260328e-10,5.8438511e-07
554,1.000448e-06,1,2.4246541e-10,3.702197e-07
555,9.7446497e-07,1,2.3616824e-10,7.673014e-09
556,9.4490966e-07,1,2.2900531e-10,5.4666079e-08
557,9.4095129e-07,1,2.2804597e-10,1.5948239e-08
558,9.297177e-07,1,2.2532343e-10,9.6909123e-08
559,9.147502e-07,1,2.2169596e-10,5.7021283e-08
560,9.0870963e-07,1,2.2023198e-10,6.4637833e-09
561,8.7829507e-07,1,2.1286081e-10,9.3284632e-07
562,8.6992457e-07,1,2.1083216e-10,1.0092492e-08
563,8.6053833e-07,1,2.0855734e-10,3.9697011e-07
564,8.5121713e-07,1,2.0629829e-10,1.0634276e-06
565,8.3536385e-07,1,2.0245613e-10,2.3200629e-10
566,8.2739586e-07,1,2.0052504e-10,1.4821519e-08
567,8.0671657e-07,1,1.9551327e-10,2.8798921e-07
568,7.9802206e-07,1,1.934061e-10,8.1250276e-08
569,7.7139162e-07,1,1.8695203e-10,3.9812791e-09
570,7.6624851e-07,1,1.8570556e-10,3.1866688e-07
571,7.5961485e-07,1,1.8409785e-10,1.5642194e-07
572,7.5209418e-07,1,1.8227516e-10,1.4984677e-06
573,7.3182537e-07,1,1.7736288e-10,4.7040871e-07
574,7.2906545e-07,1,1.7669399e-10,1.0587839e-08
575,7.2183987e-07,1,1.7494282e-10,2.6022809e-09
576,7.0755974e-07,1,1.7148194e-10,3.4665485e-08
577,7.0065878e-07,1,1.6980944e-10,3.595796e-10
578,6.9012189e-07,1,1.6725575e-10,2.5672594e-07
579,6.8592008e-07,1,1.6623741e-10,3.2953686e-07
580,6.7635238e-07,1,1.6391862e-10,3.7484204e-07
581,6.6721262e-07,1,1.6170353e-10,4.946999e-06
582,6.5799929e-07,1,1.5947062e-10,8.3953804e-09
583,6.4932032e-07,1,1.5736721e-10,4.5971664e-08
584,6.4474051e-07,1,1.5625726e-10,6.5335647e-07
585,6.3309245e-07,1,1.5343428e-10,9.7991753e-08
586,6.292595e-07,1,1.5250534e-10,1.118623e-07
587,6.2249134e-07,1,1.5086503e-10,9.0097287e-08
588,6.1527544e-07,1,1.4911621e-10,2.1721882e-06
589,6.0481071e-07,1,1.4658001e-10,2.862913e-08
590,6.0200628e-07,1,1.4590033e-10,3.3211697e-07
591,5.8723672e-07,1,1.4232083e-10,5.8709563e-09
592,5.7953356e-07,1,1.4045392e-10,5.4438907e-08
593,5.7449585e-07,1,1.3923299e-10,2.1542668e-07
594,5.5996943e-07,1,1.3571241e-10,8.3500564e-07
595,5.5913269e-07,1,1.3550963e-10,7.0213331e-07
596,5.503259e-07,1,1.3337524e-10,3.0712901e-08
597,5.4674909e-07,1,1.3250838e-10,2.2414335e-07
598,5.3186929e-07,1,1.2890216e-10,5.7217076e-07
599,5.2776528e-07,1,1.2790752e-10,1.2561267e-08
600,5.191691e-07,1,1.2582418e-10,4.81307e-08
601,5.1616047e-07,1,1.2509501e-10,6.877483e-07
602,5.0879342e-07,1,1.2330956e-10,1.0274827e-08
603,4.9671856e-07,1,1.2038314e-10,3.7114575e-08
604,4.9346395e-07,1,1.1959436e-10,1.4196577e-06
605,4.7980399e-07,1,1.1628377e-10,2.243476e-08
606,4.7155601e-07,1,1.1428482e-10,4.5224688e-07
607,4.689864e-07,1,1.1366206e-10,2.0502923e-07
608,4.593784e-07,1,1.1133349e-10,3.5586795e-07
609,4.5447661e-07,1,1.1014551e-10,4.0022031e-07
610,4.4974145e-07,1,1.0899791e-10,3.0942139e-06
611,4.4489846e-07,1,1.0782418e-10,2.3772141e-08
612,4.4199011e-07,1,1.0711932e-10,6.8028268e-07
613,4.2724842e-07,1,1.0354657e-10,5.4124653e-06
614,4.2415534e-07,1,1.0279694e-10,3.8257766e-07
615,4.1801828e-07,1,1.0130958e-10,2.7151663e-07
616,4.1412273e-07,1,1.0036547e-10,1.269552e-07
617,4.0943704e-07,0,9.9229862e-11,7.5056671e-07
618,4.0683318e-07,0,9.8598799e-11,7.0097132e-07
619,3.9920074e-07,0,9.6749025e-11,8.1655333e-07
620,3.9639581e-07,0,9.6069231e-11,1.513362e-07
621,3.922153e-07,0,9.5056056e-11,3.3461977e-07
622,3.8422294e-07,0,9.3119053e-11,3.2111836e-07
623,3.8060349e-07,0,9.2241855e-11,1.0209809e-06
624,3.7577658e-07,0,9.1072022e-11,8.3132569e-09
625,3.6490144e-07,0,8.8436355e-11,4.760272e-07
626,3.6410828e-07,0,8.8244129e-11,7.3911247e-07
627,3.5803118e-07,0,8.6771301e-11,2.3785975e-07
628,3.5012118e-07,0,8.4854258e-11,3.6490889e-07
629,3.4785807e-07,0,8.430578e-11,9.6907608e-11
630,3.4259792e-07,0,8.3030945e-11,7.279331e-07
631,3.3644358e-07,0,8.15394e-11,2.7314618e-07
632,3.3225646e-07,0,8.0524622e-11,8.1031834e-07
633,3.281591e-07,0,7.95316e-11,1.3714842e-07
634,3.2536027e-07,0,7.8853284e-11,3.5308893e-11
635,3.2407957e-07,0,7.8542898e-11,6.8090642e-07
636,3.1897369e-07,0,7.7305451e-11,3.096962e-07
637,3.1355913e-07,0,7.5993196e-11,1.738973e-08
638,3.1074871e-07,0,7.5312073e-11,1.1121812e-07
639,3.06731e-07,0,7.4338352e-11,1.4345626e-06
640,3.0085614e-07,0,7.2914539e-11,6.212644e-07
641,2.9624844e-07,0,7.1797833e-11,3.0479944e-07
642,2.9209831e-07,0,7.079202e-11,5.1713985e-07
643,2.8775487e-07,0,6.9739357e-11,4.6100481e-06
644,2.8480437e-07,0,6.9024285e-11,1.4417123e-06
645,2.7964166e-07,0,6.7773067e-11,6.7293273e-07
646,2.7585814e-07,0,6.6856104e-11,8.4012316e-07
647,2.7249176e-07,0,6.604024e-11,7.5428303e-08
648,2.698338e-07,0,6.5396065e-11,2.9603914e-07
649,2.6391984e-07,0,6.3962776e-11,2.2980964e-06
650,2.6261645e-07,0,6.3646891e-11,6.8338447e-07
651,2.597231e-07,0,6.2945666e-11,3.4511217e-06
652,2.5896991e-07,0,6.2763125e-11,7.9893274e-09
653,2.5392263e-07,0,6.1539885e-11,3.4859885e-07
654,2.4945228e-07,0,6.0456463e-11,3.426316e-06
655,2.4655162e-07,0,5.9753469e-11,4.0747064e-07
656,2.4205886e-07,0,5.8664617e-11,4.9649325e-07
657,2.3907092e-07,0,5.794047e-11,6.2771344e-07
658,2.3697688e-07,0,5.7432965e-11,1.3566175e-06
659,2.3167626e-07,0,5.6148324e-11,1.6681401e-10
660,2.3098361e-07,0,5.5980456e-11,3.1053688e-07
661,2.2599765e-07,0,5.4772075e-11,9.393422e-10
662,2.2230468e-07,0,5.3877059e-11,3.5220251e-06
663,2.2038867e-07,0,5.3412699e-11,4.1853538e-07
664,2.1574583e-07,0,5.2287475e-11,4.3714865e-07
665,2.1267458e-07,0,5.1543137e-11,1.2917726e-07
666,2.1179547e-07,0,5.1330078e-11,2.1460883e-06
667,2.0766347e-07,0,5.0328659e-11,4.7939103e-09
668,2.0341766e-07,0,4.9299659e-11,4.0552401e-06
669,2.010363e-07,0,4.8722521e-11,5.7103544e-09
670,1.9973467e-07,0,4.8407061e-11,5.7548326e-06
671,1.9874092e-07,0,4.816622e-11,1.7182172e-08
672,1.9637519e-07,0,4.7592868e-11,2.486739e-09
673,1.951312e-07,0,4.7291379e-11,2.8881405e-07
674,1.9391011e-07,0,4.6995439e-11,2.7254824e-07
675,1.9057885e-07,0,4.6188087e-11,8.2468548e-07
676,1.8786712e-07,0,4.5530879e-11,1.0949235e-06
677,1.8297999e-07,0,4.434645e-11,4.450137e-08
678,1.8115644e-07,0,4.3904501e-11,4.1948917e-06
679,1.8003015e-07,0,4.3631536e-11,7.5165167e-06
680,1.7972851e-07,0,4.3558432e-11,1.7633502e-07
681,1.7606605e-07,0,4.2670809e-11,3.3656745e-07
682,1.7474082e-07,0,4.234963e-11,5.3375617e-08
683,1.7220687e-07,0,4.1735511e-11,6.4669224e-07
684,1.7009713e-07,0,4.1224201e-11,3.5431354e-06
685,1.6745093e-07,0,4.0582877e-11,1.6620249e-07
686,1.667526e-07,0,4.0413632e-11,1.7033229e-06
687,1.6338135e-07,0,3.9596587e-11,9.178084e-07
688,1.6094474e-07,0,3.9006057e-11,1.3122657e-06
689,1.5885116e-07,0,3.8498664e-11,1.9608167e-08
690,1.5855528e-07,0,3.8426954e-11,1.4503099e-08
691,1.5437996e-07,0,3.7415037e-11,1.6706274e-06
692,1.5272758e-07,0,3.7014572e-11,1.2190832e-06
693,1.4969702e-07,0,3.6280095e-11,7.9168196e-07
694,1.4714285e-07,0,3.5661076e-11,1.7131798e-06
695,1.4657597e-07,0,3.5523688e-11,1.6132188e-10
696,1.4503375e-07,0,3.514992e-11,1.1887857e-06
697,1.4420225e-07,0,3.4948399e-11,3.2337309e-06
698,1.4311459e-07,0,3.4684799e-11,2.0489834e-06
699,1.4219089e-07,0,3.4460933e-11,3.1903213e-07
700,1.3888582e-07,0,3.3659927e-11,2.7431915e-06
701,1.3769511e-07,0,3.3371351e-11,2.7312735e-07
702,1.3584929e-07,0,3.2924003e-11,1.2446288e-06
703,1.3455163e-07,0,3.2609507e-11,3.5801475e-07
704,1.3221017e-07,0,3.2042037e-11,2.1937029e-06
705,1.3140985e-07,0,3.1848074e-11,9.1019802e-07
706,1.2854679e-07,0,3.1154191e-11,7.6198651e-07
707,1.2734452e-07,0,3.0862814e-11,8.0150366e-07
708,1.2579942e-07,0,3.0488348e-11,1.3245216e-07
709,1.2231036e-07,0,2.9642752e-11,1.3899063e-06
710,1.2157913e-07,0,2.9465532e-11,3.9019717e-08
711,1.1811433e-07,0,2.8625813e-11,4.9306366e-08
712,1.1748892e-07,0,2.8474243e-11,1.8168835e-06
713,1.1656252e-07,0,2.8249724e-11,5.0099869e-06
714,1.1600208e-07,0,2.8113896e-11,2.7503261e-08
715,1.1317676e-07,0,2.7429162e-11,1.1043687e-06
716,1.1178684e-07,0,2.7092304e-11,1.8540205e-07
717,1.0959242e-07,0,2.6560471e-11,4.1958132e-07
718,1.0847685e-07,0,2.6290107e-11,5.7999164e-07
719,1.0750795e-07,0,2.6055286e-11,4.916469e-08
720,1.0682814e-07,0,2.589053e-11,4.4639898e-06
721,1.0572414e-07,0,2.5622967e-11,1.5764127e-06
722,1.0469044e-07,0,2.5372443e-11,2.5032582e-07
723,1.0185095e-07,0,2.4684273e-11,1.7307792e-07
724,1.0144238e-07,0,2.4585254e-11,4.9531418e-07
725,9.9245708e-08,0,2.4052875e-11,3.4492617e-07
726,9.8581419e-08,0,2.389188e-11,7.8599673e-07
727,9.7532991e-08,0,2.3637787e-11,6.3008621e-10
728,9.6827641e-08,0,2.346684e-11,1.9824736e-06
729,9.5731063e-08,0,2.3201077e-11,1.7432101e-06
730,9.4466812e-08,0,2.2894677e-11,1.794092e-07
731,9.1861355e-08,0,2.2263227e-11,6.9162506e-08
732,9.102171e-08,0,2.2059733e-11,1.3124613e-07
733,8.9724198e-08,0,2.1745272e-11,1.7554961e-07
734,8.9395695e-08,0,2.1665657e-11,1.4994377e-07
735,8.8070082e-08,0,2.1344386e-11,3.2021997e-08
736,8.7234013e-08,0,2.1141759e-11,1.1171655e-10
737,8.6479565e-08,0,2.0958913e-11,3.5993194e-06
738,8.5976372e-08,0,2.0836961e-11,2.7965536e-10
739,8.4045835e-08,0,2.0369082e-11,1.1531395e-06
740,8.3433421e-08,0,2.0220659e-11,6.5752076e-08
741,8.1320767e-08,0,1.9708643e-11,1.8761489e-07
742,8.0671862e-08,0,1.9551377e-11,1.4503426e-07
743,8.0209097e-08,0,1.9439222e-11,2.7925319e-07
744,7.8700902e-08,0,1.9073701e-11,2.3354615e-06
745,7.8025601e-08,0,1.8910037e-11,1.4480352e-06
746,7.7313268e-08,0,1.8737399e-11,2.600631e-06
747,7.540584e-08,0,1.827512e-11,8.1590623e-08
748,7.4265539e-08,0,1.7998761e-11,1.0466043e-07
749,7.36017e-08,0,1.7837875e-11,5.3943259e-07
750,7.2680003e-08,0,1.7614495e-11,2.3657242e-07
751,7.1650823e-08,0,1.7365066e-11,2.236848e-08
752,7.1022332e-08,0,1.7212747e-11,1.0209533e-06
753,7.0651063e-08,0,1.7122768e-11,1.2782011e-06
754,6.9139765e-08,0,1.6756494e-11,3.6317018e-08
755,6.8799416e-08,0,1.6674008e-11,8.4318138e-07
756,6.7755866e-08,0,1.6421097e-11,1.037275e-06
757,6.7223038e-08,0,1.6291962e-11,2.7880608e-07
758,6.5893662e-08,0,1.5969779e-11,2.6987229e-06
759,6.5287377e-08,0,1.5822842e-11,7.5377473e-07
760,6.4082523e-08,0,1.5530837e-11,7.7852095e-10
761,6.3830518e-08,0,1.5469762e-11,2.21419e-06
762,6.2653173e-08,0,1.5184424e-11,1.6895385e-06
763,6.2273359e-08,0,1.5092374e-11,1.2138451e-06
764,6.0824366e-08,0,1.4741201e-11,5.3178265e-07
765,6.0216969e-08,0,1.4593994e-11,2.2503784e-06
766,5.9587036e-08,0,1.4441325e-11,3.7676618e-07
767,5.8864589e-08,0,1.4266235e-11,7.8927541e-09
768,5.8205381e-08,0,1.4106472e-11,2.0066915e-08
769,5.7960746e-08,0,1.4047183e-11,9.3235906e-08
770,5.7432218e-08,0,1.391909e-11,2.0351025e-07
771,5.6470284e-08,0,1.3685959e-11,1.1630662e-07
772,5.6030807e-08,0,1.3579449e-11,9.6532729e-07
773,5.5268715e-08,0,1.339475e-11,7.4371913e-07
774,5.5036328e-08,0,1.333843e-11,1.8692425e-06
775,5.4618443e-08,0,1.3237153e-11,1.1704293e-06
776,5.4082211e-08,0,1.3107193e-11,4.4981787e-07
777,5.3865841e-08,0,1.3054754e-11,8.2791901e-07
778,5.2309261e-08,0,1.2677507e-11,5.0007736e-07
779,5.1392208e-08,0,1.2455253e-11,4.5512556e-07
780,5.0300439e-08,0,1.2190655e-11,5.6685807e-07
781,4.9630184e-08,0,1.2028214e-11,2.3943198e-08
782,4.9357148e-08,0,1.1962042e-11,2.4541704e-06
783,4.9018618e-08,0,1.1879997e-11,4.0518382e-07
784,4.8594175e-08,0,1.177713e-11,1.6257911e-07
785,4.8038678e-08,0,1.1642502e-11,3.2008728e-07
786,4.7634244e-08,0,1.1544484e-11,1.5374175e-10
787,4.6753163e-08,0,1.1330948e-11,1.3528469e-07
788,4.6012404e-08,0,1.115142e-11,1.2292084e-07
789,4.5793729e-08,0,1.1098423e-11,3.0202621e-07
790,4.5017828e-08,0,1.0910378e-11,1.2143735e-07
791,4.4059482e-08,0,1.0678116e-11,1.8918303e-06
792,4.3803666e-08,0,1.0616118e-11,7.0530661e-07
793,4.3723419e-08,0,1.0596669e-11,9.0296467e-08
794,4.2951455e-08,0,1.0409579e-11,7.2505281e-07
795,4.26897e-08,0,1.034614e-11,4.4743687e-07
796,4.2634022e-08,0,1.0332646e-11,7.5766381e-08
797,4.1726972e-08,0,1.0112817e-11,2.9831761e-07
798,4.0763657e-08,0,9.8793506e-12,1.6648879e-08
799,4.0167815e-08,0,9.7349444e-12,8.9515362e-07
800,3.977763e-08,0,9.6403802e-12,3.2661189e-07
801,3.9392738e-08,0,9.547099e-12,2.1375257e-07
802,3.9089851e-08,0,9.4736923e-12,1.0515243e-07
803,3.8494527e-08,0,9.3294116e-12,3.9440137e-07
804,3.8080517e-08,0,9.2290734e-12,6.9979106e-08
805,3.7496985e-08,0,9.0876503e-12,1.7332219e-06
806,3.728318e-08,0,9.0358334e-12,2.8609675e-07
807,3.6769543e-08,0,8.9113499e-12,8.1670011e-08
808,3.6395533e-08,0,8.820706e-12,5.7873133e-09
809,3.6127557e-08,0,8.7557603e-12,1.1259792e-07
810,3.5857708e-08,0,8.6903605e-12,2.1630134e-06
811,3.5449309e-08,0,8.5913821e-12,1.2070316e-06
812,3.4606899e-08,0,8.3872183e-12,9.0773593e-08
813,3.4261341e-08,0,8.3034699e-12,4.6044159e-16
814,3.3698277e-08,0,8.1670075e-12,1.3960419e-12
815,3.3664038e-08,0,8.1587094e-12,5.0066409e-07
816,3.3169193e-08,0,8.0387806e-12,2.5645309e-08
817,3.2905343e-08,0,7.9748346e-12,2.9642831e-07
818,3.2521945e-08,0,7.8819155e-12,2.0488111e-06
819,3.2124496e-08,0,7.7855911e-12,4.6266275e-10
820,3.1636096e-08,0,7.667224e-12,7.8598623e-08
821,3.1313061e-08,0,7.5889341e-12,4.7654593e-07
822,3.0917316e-08,0,7.4930227e-12,1.0920242e-08
823,3.0795485e-08,0,7.4634962e-12,1.1656117e-06
824,2.9996927e-08,0,7.2699601e-12,2.699572e-06
825,2.9885933e-08,0,7.2430599e-12,1.0398429e-06
826,2.9679719e-08,0,7.1930825e-12,2.780762e-07
827,2.9284322e-08,0,7.0972554e-12,8.1494542e-09
828,2.8648942e-08,0,6.9432667e-12,3.4766069e-09
829,2.8556824e-08,0,6.9209414e-12,1.0994454e-07
830,2.7885443e-08,0,6.7582276e-12,5.9745073e-08
831,2.7761001e-08,0,6.7280681e-12,1.3418381e-06
832,2.736664e-08,0,6.632492e-12,5.3994389e-07
833,2.6824486e-08,0,6.5010973e-12,1.3753439e-09
834,2.6486211e-08,0,6.419114e-12,5.4343931e-07
835,2.6269762e-08,0,6.3666563e-12,2.4144791e-07
836,2.6120109e-08,0,6.3303868e-12,9.8537975e-07
837,2.5580987e-08,0,6.1997269e-12,1.2223617e-06
838,2.5398979e-08,0,6.155616e-12,6.658931e-07
839,2.5301529e-08,0,6.1319984e-12,1.5273764e-07
840,2.4964026e-08,0,6.0502022e-12,1.2972524e-06
841,2.4809398e-08,0,6.0127271e-12,4.4856353e-08
842,2.4392896e-08,0,5.9117849e-12,3.1303581e-07
843,2.4308268e-08,0,5.8912747e-12,3.343613e-07
844,2.3967782e-08,0,5.8087557e-12,1.1866157e-08
845,2.3895081e-08,0,5.7911361e-12,5.8887934e-07
846,2.3403614e-08,0,5.6720257e-12,2.7407484e-06
847,2.3256186e-08,0,5.6362955e-12,3.2638322e-07
848,2.3090487e-08,0,5.5961372e-12,1.6036829e-06
849,2.2583258e-08,0,5.4732068e-12,5.6779024e-07
850,2.2458465e-08,0,5.4429624e-12,7.8684323e-07
851,2.211677e-08,0,5.3601503e-12,1.1174101e-07
852,2.1855766e-08,0,5.2968941e-12,1.9556842e-08
853,2.17469e-08,0,5.2705098e-12,2.0325046e-07
854,2.1359811e-08,0,5.1766962e-12,7.1078105e-09
855,2.1132324e-08,0,5.1215631e-12,6.7058565e-07
856,2.1040672e-08,0,5.0993506e-12,9.2231387e-08
857,2.0827749e-08,0,5.0477471e-12,5.1900213e-09
858,2.0436845e-08,0,4.953009e-12,5.2895337e-09
859,2.0245631e-08,0,4.9066669e-12,3.7073696e-11
860,2.011813e-08,0,4.8757663e-12,2.439293e-07
861,1.9833848e-08,0,4.8068684e-12,2.4802806e-06
862,1.9737051e-08,0,4.7834091e-12,2.3952013e-07
863,1.9438275e-08,0,4.7109986e-12,2.6180061e-07
864,1.9292204e-08,0,4.6755973e-12,6.685192e-07
865,1.8927037e-08,0,4.5870966e-12,1.9193719e-06
866,1.8627336e-08,0,4.5144622e-12,9.2883526e-08
867,1.8325536e-08,0,4.4413188e-12,1.7650884e-07
868,1.8210195e-08,0,4.4133652e-12,6.5556276e-07
869,1.813341e-08,0,4.3947556e-12,1.8485119e-06
870,1.7990369e-08,0,4.3600887e-12,4.4042507e-07
871,1.7546633e-08,0,4.2525463e-12,1.2130415e-07
872,1.7426918e-08,0,4.2235327e-12,6.6468826e-07
873,1.7255827e-08,0,4.1820676e-12,5.2867666e-08
874,1.6989515e-08,0,4.1175251e-12,7.158825e-07
875,1.6762313e-08,0,4.062461e-12,1.4398426e-07
876,1.6520801e-08,0,4.003929e-12,6.1916571e-07
877,1.6308245e-08,0,3.9524147e-12,1.5232821e-07
878,1.6175038e-08,0,3.9201311e-12,3.4466303e-06
879,1.6032506e-08,0,3.8855873e-12,3.1439037e-07
880,1.5924105e-08,0,3.8593156e-12,6.5329516e-07
881,1.5765918e-08,0,3.8209778e-12,1.4365564e-07
882,1.5548083e-08,0,3.768184e-12,1.9134974e-08
883,1.5297208e-08,0,3.7073828e-12,3.7755924e-07
884,1.5037835e-08,0,3.644522e-12,1.7503981e-08
885,1.5010106e-08,0,3.6378017e-12,7.8562678e-09
886,1.4810823e-08,0,3.5895042e-12,4.1311118e-07
887,1.4744786e-08,0,3.5734995e-12,1.0931774e-06
888,1.4483431e-08,0,3.5101585e-12,4.8038895e-07
889,1.4270048e-08,0,3.4584435e-12,5.6888602e-08
890,1.4131383e-08,0,3.4248371e-12,4.4660515e-08
891,1.3924725e-08,0,3.3747521e-12,5.8325265e-08
892,1.3723697e-08,0,3.3260316e-12,1.8492713e-07
893,1.3456973e-08,0,3.2613893e-12,1.793701e-09
894,1.326893e-08,0,3.2158159e-12,2.3318135e-08
895,1.3121187e-08,0,3.1800093e-12,4.0440556e-07
896,1.2895079e-08,0,3.1252104e-12,4.6919757e-09
897,1.2862865e-08,0,3.1174031e-12,1.0505346e-07
898,1.2711631e-08,0,3.0807505e-12,2.393721e-08
899,1.2514179e-08,0,3.0328967e-12,9.745905e-08
900,1.2353574e-08,0,2.993973e-12,1.3512437e-08
901,1.2263208e-08,0,2.9720722e-12,5.28666e-07
902,1.2093156e-08,0,2.9308589e-12,3.5648376e-08
903,1.18877e-08,0,2.8810653e-12,2.2035287e-07
904,1.185788e-08,0,2.8738382e-12,6.1768845e-07
905,1.1825341e-08,0,2.865952e-12,2.0333594e-07
906,1.1679732e-08,0,2.8306627e-12,2.6149578e-07
907,1.1562853e-08,0,2.8023363e-12,1.0003348e-08
908,1.1306135e-08,0,2.7401191e-12,4.3888114e-08
909,1.1215376e-08,0,2.7181229e-12,5.5755877e-07
910,1.1171975e-08,0,2.7076043e-12,4.1548726e-07
911,1.0939222e-08,0,2.6511951e-12,3.4653069e-07
912,1.091734e-08,0,2.645892e-12,1.1218883e-07
913,1.0834892e-08,0,2.6259102e-12,6.4050367e-09
914,1.0726904e-08,0,2.5997386e-12,6.756335e-09
915,1.0487829e-08,0,2.5417969e-12,1.0389288e-06
916,1.0451411e-08,0,2.5329709e-12,1.8388839e-07
917,1.0364316e-08,0,2.5118628e-12,4.3572599e-09
918,1.0296966e-08,0,2.49554e-12,1.4922933e-06
919,1.0181835e-08,0,2.4676372e-12,2.7151693e-07
920,1.0021457e-08,0,2.4287685e-12,3.4476995e-09
921,9.9059177e-09,0,2.4007668e-12,2.8267032e-07
922,9.8279139e-09,0,2.381862e-12,5.967506e-09
923,9.6634079e-09,0,2.3419929e-12,1.2283991e-07
924,9.5627248e-09,0,2.3175917e-12,2.3490141e-07
925,9.4108631e-09,0,2.280787e-12,3.2601986e-07
926,9.3599785e-09,0,2.2684547e-12,2.8012679e-08
927,9.2071429e-09,0,2.231414e-12,2.4195404e-08
928,9.023675e-09,0,2.1869493e-12,1.8037324e-07
929,9.0130177e-09,0,2.1843664e-12,6.4624954e-08
930,8.8152e-09,0,2.1364239e-12,4.2702684e-10
931,8.7047092e-09,0,2.1096457e-12,7.247754e-08
932,8.6379941e-09,0,2.0934769e-12,1.6372029e-06
933,8.5159261e-09,0,2.0638929e-12,2.4985552e-07
934,8.287629e-09,0,2.0085635e-12,4.9468942e-09
935,8.2395736e-09,0,1.9969169e-12,3.4170172e-07
936,8.1827583e-09,0,1.9831473e-12,4.6117871e-07
937,8.117739e-09,0,1.9673895e-12,3.8027697e-07
938,8.0280956e-09,0,1.9456638e-12,1.4347953e-08
939,7.8793399e-09,0,1.9096118e-12,5.0482577e-07
940,7.84596e-09,0,1.901522e-12,5.3482339e-07
941,7.8104544e-09,0,1.892917e-12,1.3635833e-06
942,7.6653198e-09,0,1.8577426e-12,2.6603882e-08
943,7.6648234e-09,0,1.8576223e-12,4.2992089e-07
944,7.5756076e-09,0,1.8360002e-12,3.5830697e-07
945,7.4963881e-09,0,1.8168009e-12,6.8641976e-07
946,7.4186813e-09,0,1.7979681e-12,1.5120305e-07
947,7.3346882e-09,0,1.7776118e-12,2.2541252e-08
948,7.2460904e-09,0,1.7561395e-12,5.4132561e-07
949,7.0434341e-09,0,1.7070244e-12,1.5383154e-07
950,6.9730714e-09,0,1.6899715e-12,9.675563e-08
951,6.9348025e-09,0,1.6806967e-12,1.611231e-10
952,6.8502693e-09,0,1.6602095e-12,3.2895422e-06
953,6.7530727e-09,0,1.6366533e-12,7.3791013e-08
954,6.671433e-09,0,1.6168673e-12,1.1655402e-07
955,6.6059108e-09,0,1.6009876e-12,2.5058993e-07
956,6.5822726e-09,0,1.5952587e-12,1.7910436e-07
957,6.5494367e-09,0,1.5873007e-12,5.4144119e-08
958,6.4102263e-09,0,1.5535621e-12,2.7636923e-07
959,6.3696308e-09,0,1.5437235e-12,1.4340672e-08
960,6.2933597e-09,0,1.5252387e-12,1.2253256e-07
961,6.190672e-09,0,1.5003516e-12,5.6666818e-07
962,6.1054233e-09,0,1.479691e-12,9.807857e-09
963,5.9889104e-09,0,1.4514533e-12,5.2589787e-07
964,5.9300723e-09,0,1.4371935e-12,1.4607609e-07
965,5.9024264e-09,0,1.4304933e-12,2.2266858e-07
966,5.8159791e-09,0,1.4095423e-12,4.6249068e-07
967,5.7208625e-09,0,1.3864901e-12,4.2472906e-07
968,5.6887617e-09,0,1.3787102e-12,2.0043607e-07
969,5.6257281e-09,0,1.3634336e-12,1.2104558e-06
970,5.6030375e-09,0,1.3579344e-12,1.2519724e-07
971,5.5274056e-09,0,1.3396045e-12,4.1616011e-08
972,5.4828616e-09,0,1.3288089e-12,8.2088069e-07
973,5.46155e-09,0,1.3236439e-12,2.8291307e-08
974,5.3554418e-09,0,1.2979279e-12,1.6583416e-08
975,5.2870661e-09,0,1.2813566e-12,9.204409e-09
976,5.2311841e-09,0,1.2678132e-12,1.2813431e-07
977,5.1816479e-09,0,1.2558078e-12,2.0403448e-07
978,5.076133e-09,0,1.2302355e-12,1.0966322e-07
979,5.0571537e-09,0,1.2256358e-12,5.6426266e-07
980,4.9613011e-09,0,1.2024052e-12,3.9804995e-08
981,4.9407243e-09,0,1.1974183e-12,2.1640978e-08
982,4.8979848e-09,0,1.1870601e-12,4.7247872e-07
983,4.7878253e-09,0,1.1603622e-12,4.0763266e-07
984,4.7472706e-09,0,1.1505334e-12,5.3446941e-09
985,4.6742922e-09,0,1.1328466e-12,2.2423043e-08
986,4.6576234e-09,0,1.1288069e-12,4.225851e-07
987,4.5689345e-09,0,1.1073125e-12,8.404068e-09
988,4.5479706e-09,0,1.1022317e-12,2.2192696e-07
989,4.4971947e-09,0,1.0899258e-12,4.6988479e-09
990,4.4304036e-09,0,1.0737386e-12,1.7791321e-07
991,4.4301996e-09,0,1.0736891e-12,3.3616677e-07
992,4.3487757e-09,0,1.0539555e-12,1.3161077e-10
993,4.2902039e-09,0,1.0397602e-12,4.496446e-08
994,4.2363206e-09,0,1.0267012e-12,2.9952835e-09
995,4.2010655e-09,0,1.0181569e-12,6.2128832e-08
996,4.161577e-09,0,1.0085866e-12,1.2054068e-07
997,4.1191287e-09,0,9.9829897e-13,3.3210862e-07
998,4.0366626e-09,0,9.7831276e-13,8.6868998e-10
999,4.0256388e-09,0,9.7564106e-13,3.8297618e-10
1000,3.9839266e-09,0,9.6553182e-13,2.5472363e-08
1001,3.9609232e-09,0,9.5995678e-13,1.8266089e-09
1002,3.9418049e-09,0,9.5532333e-13,1.9210123e-07
1003,3.8918087e-09,0,9.4320643e-13,1.8315327e-08
1004,3.8457385e-09,0,9.32041e-13,3.9071027e-08
1005,3.8034792e-09,0,9.2179917e-13,1.3734811e-07
1006,3.7413764e-09,0,9.0674813e-13,3.3616737e-07
1007,3.6897714e-09,0,8.942413e-13,1.8905505e-08
1008,3.6482551e-09,0,8.8417954e-13,3.5800606e-08
1009,3.5691076e-09,0,8.6499761e-13,1.8749939e-07
1010,3.5270251e-09,0,8.5479863e-13,1.3704059e-07
1011,3.5055438e-09,0,8.4959248e-13,4.0157014e-08
1012,3.4851059e-09,0,8.4463923e-13,6.1819172e-07
1013,3.4273632e-09,0,8.3064488e-13,9.5806374e-08
1014,3.4115064e-09,0,8.2680187e-13,1.4819794e-07
1015,3.3568675e-09,0,8.1355976e-13,1.8938386e-08
1016,3.3494755e-09,0,8.1176826e-13,7.6634998e-09
1017,3.27225e-09,0,7.9305213e-13,1.0041938e-06
1018,3.2572123e-09,0,7.8940766e-13,5.0883794e-07
1019,3.1943621e-09,0,7.7417548e-13,4.7381167e-08
1020,3.1463646e-09,0,7.6254295e-13,5.1687369e-07
1021,3.1382708e-09,0,7.6058136e-13,1.123006e-07
1022,3.1131581e-09,0,7.5449513e-13,4.5137129e-08
1023,3.0607743e-09,0,7.4179956e-13,2.5001027e-07
1024,3.0274869e-09,0,7.3373213e-13,8.1555811e-07
1025,2.9637346e-09,0,7.1828132e-13,2.9657631e-09
1026,2.9493984e-09,0,7.1480684e-13,8.3431491e-08
1027,2.9299896e-09,0,7.1010298e-13,2.5481795e-07
1028,2.9031067e-09,0,7.0358774e-13,6.3302939e-09
1029,2.8852174e-09,0,6.9925214e-13,8.8067449e-08
1030,2.8413584e-09,0,6.8862262e-13,2.2641451e-07
1031,2.819487e-09,0,6.8332193e-13,5.5176817e-10
1032,2.8120737e-09,0,6.8152526e-13,2.4451119e-07
1033,2.7867888e-09,0,6.7539731e-13,4.4034225e-09
1034,2.7444626e-09,0,6.6513925e-13,5.5685259e-08
1035,2.7241919e-09,0,6.6022652e-13,1.3663947e-07
1036,2.6894173e-09,0,6.5179864e-13,1.2383081e-07
1037,2.6385317e-09,0,6.3946618e-13,4.3793718e-11
1038,2.595737e-09,0,6.2909458e-13,5.9758867e-07
1039,2.561455e-09,0,6.2078611e-13,1.1335681e-07
1040,2.549305e-09,0,6.1784147e-13,6.2270782e-08
1041,2.5412374e-09,0,6.1588624e-13,5.1658366e-07
1042,2.481996e-09,0,6.0152868e-13,1.948112e-10
1043,2.4660312e-09,0,5.9765951e-13,1.9011118e-07
1044,2.4484262e-09,0,5.9339281e-13,3.1146133e-07
1045,2.4291754e-09,0,5.8872726e-13,1.7478832e-09
1046,2.3962704e-09,0,5.807525e-13,1.5887986e-07
1047,2.3689983e-09,0,5.7414293e-13,9.2189184e-07
1048,2.3342686e-09,0,5.6572593e-13,1.3165525e-07
1049,2.3129973e-09,0,5.6057069e-13,1.0315668e-10
1050,2.3053479e-09,0,5.5871681e-13,7.8117458e-10
1051,2.2594022e-09,0,5.4758156e-13,1.5100828e-08
1052,2.2450811e-09,0,5.4411074e-13,1.0670663e-07
1053,2.2195443e-09,0,5.3792172e-13,2.0259849e-10
1054,2.1878869e-09,0,5.3024933e-13,1.1948075e-07
1055,2.1626165e-09,0,5.2412487e-13,7.5755218e-07
1056,2.1424085e-09,0,5.1922734e-13,2.9946014e-09
1057,2.1330714e-09,0,5.1696443e-13,5.3266557e-08
1058,2.1049816e-09,0,5.1015666e-13,3.4894939e-08
1059,2.086418e-09,0,5.0565766e-13,1.156915e-07
1060,2.0542533e-09,0,4.9786232e-13,1.0142536e-08
1061,2.0337609e-09,0,4.9289585e-13,2.0174272e-08
1062,1.9986302e-09,0,4.8438167e-13,3.7109421e-09
1063,1.9896352e-09,0,4.8220169e-13,2.6152088e-09
1064,1.9638626e-09,0,4.7595552e-13,6.2870259e-08
1065,1.9442842e-09,0,4.7121055e-13,1.1868019e-07
1066,1.919937e-09,0,4.6530985e-13,4.2759872e-08
1067,1.8980682e-09,0,4.600098e-13,6.7786074e-07
1068,1.8743886e-09,0,4.5427087e-13,1.1482949e-07
1069,1.8590453e-09,0,4.5055232e-13,3.4919902e-07
1070,1.8433672e-09,0,4.4675264e-13,8.4718615e-08
1071,1.8248297e-09,0,4.4225995e-13,1.8287327e-08
1072,1.7995713e-09,0,4.361384e-13,4.5619536e-07
1073,1.7840714e-09,0,4.323819e-13,2.1875604e-07
1074,1.7679748e-09,0,4.2848077e-13,2.3440608e-07
1075,1.7368431e-09,0,4.2093579e-13,2.8536676e-09
1076,1.7243964e-09,0,4.1791924e-13,6.2861943e-09
1077,1.7011218e-09,0,4.1227848e-13,1.4729728e-07
1078,1.6880707e-09,0,4.0911547e-13,1.1080679e-09
1079,1.6656208e-09,0,4.0367458e-13,3.2481359e-07
1080,1.645407e-09,0,3.9877561e-13,2.0427869e-08
1081,1.6163933e-09,0,3.9174395e-13,2.2217986e-09
1082,1.6061303e-09,0,3.8925664e-13,1.4927075e-07
1083,1.5826994e-09,0,3.83578e-13,3.9631981e-08
1084,1.5574892e-09,0,3.7746813e-13,5.9524936e-09
1085,1.5531548e-09,0,3.7641767e-13,2.078766e-07
1086,1.5305273e-09,0,3.7093375e-13,6.2822724e-08
1087,1.5261081e-09,0,3.6986272e-13,6.3428521e-09
1088,1.5064066e-09,0,3.6508792e-13,2.047756e-10
1089,1.4940816e-09,0,3.6210087e-13,1.8460964e-08
1090,1.4737955e-09,0,3.5718441e-13,5.1483946e-08
1091,1.4602667e-09,0,3.5390561e-13,3.539308e-08
1092,1.435513e-09,0,3.4790638e-13,5.1655774e-08
1093,1.4310683e-09,0,3.4682918e-13,3.1982541e-08
1094,1.4191462e-09,0,3.4393978e-13,7.1584915e-09
1095,1.386453e-09,0,3.3601636e-13,1.0945778e-08
1096,1.3630965e-09,0,3.3035574e-13,8.1378801e-09
1097,1.3627893e-09,0,3.302813e-13,4.3240837e-07
1098,1.3269616e-09,0,3.215982e-13,7.1022328e-08
1099,1.326002e-09,0,3.2136565e-13,7.953836e-09
1100,1.3191375e-09,0,3.1970197e-13,3.0834143e-07
1101,1.3030483e-09,0,3.1580266e-13,7.3411755e-08
1102,1.2936187e-09,0,3.1351733e-13,1.2025247e-08
1103,1.2727778e-09,0,3.0846638e-13,1.1745542e-08
1104,1.2629214e-09,0,3.0607763e-13,9.0707879e-08
1105,1.2504973e-09,0,3.0306656e-13,3.545547e-08
1106,1.244322e-09,0,3.0156993e-13,5.5185335e-08
1107,1.2407926e-09,0,3.0071456e-13,2.0528651e-10
1108,1.1915752e-09,0,2.887864e-13,9.9666152e-08
1109,1.1828768e-09,0,2.8667826e-13,2.1245587e-08
1110,1.1771668e-09,0,2.8529441e-13,5.0919274e-08
1111,1.1496097e-09,0,2.7861577e-13,1.3351624e-07
1112,1.1481049e-09,0,2.7825107e-13,1.231382e-08
1113,1.126994e-09,0,2.7313468e-13,4.1913065e-08
1114,1.1244683e-09,0,2.7252257e-13,1.0415845e-07
1115,1.1188221e-09,0,2.7115418e-13,3.921422e-07
1116,1.0922825e-09,0,2.6472213e-13,4.6384125e-08
1117,1.0917385e-09,0,2.6459029e-13,1.6491434e-09
1118,1.0817905e-09,0,2.6217931e-13,9.6334924e-08
1119,1.0547128e-09,0,2.5561684e-13,2.4543677e-09
1120,1.0522614e-09,0,2.5502275e-13,1.7577395e-07
1121,1.050542e-09,0,2.5460603e-13,5.1224582e-08
1122,1.0225976e-09,0,2.478335e-13,3.2000984e-08
1123,1.0220493e-09,0,2.4770064e-13,4.8879863e-08
1124,1.0027603e-09,0,2.4302581e-13,2.2054967e-09
1125,9.8158604e-10,0,2.3789408e-13,3.9548031e-07
1126,9.6638008e-10,0,2.3420881e-13,1.7265328e-10
1127,9.6459676e-10,0,2.3377661e-13,1.1098642e-08
1128,9.4528861e-10,0,2.2909715e-13,7.7758562e-12
1129,9.4074678e-10,0,2.2799641e-13,9.0572143e-09
1130,9.3514143e-10,0,2.2663791e-13,1.2862536e-08
1131,9.2397007e-10,0,2.2393046e-13,6.6429563e-11
1132,9.0736328e-10,0,2.1990569e-13,1.2009085e-07
1133,9.0066272e-10,0,2.1828176e-13,2.6796196e-07
1134,8.956871e-10,0,2.1707589e-13,1.3699325e-07
1135,8.8669133e-10,0,2.148957e-13,2.5290113e-09
1136,8.7601892e-10,0,2.1230917e-13,8.0919805e-08
1137,8.6724559e-10,0,2.1018289e-13,1.0431998e-09
1138,8.569169e-10,0,2.0767966e-13,3.678936e-08
1139,8.4941222e-10,0,2.0586085e-13,1.460784e-08
1140,8.4490559e-10,0,2.0476864e-13,8.5567057e-08
1141,8.2782475e-10,0,2.0062898e-13,2.1072423e-08
1142,8.2239791e-10,0,1.9931375e-13,1.202081e-07
1143,8.1289468e-10,0,1.9701058e-13,7.902717e-08
1144,8.0194415e-10,0,1.9435664e-13,3.4026362e-09
1145,8.0054735e-10,0,1.9401812e-13,4.4022756e-08
1146,7.8973563e-10,0,1.9139782e-13,2.7890256e-07
1147,7.7078754e-10,0,1.8680562e-13,1.9312655e-11
1148,7.6224764e-10,0,1.8473592e-13,3.9361793e-07
1149,7.6118166e-10,0,1.8447757e-13,3.4274703e-09
1150,7.4922952e-10,0,1.8158089e-13,6.7492992e-08
1151,7.4724017e-10,0,1.8109876e-13,1.2764142e-07
1152,7.2427944e-10,0,1.7553407e-13,9.5588238e-08
1153,7.2038371e-10,0,1.7458991e-13,5.144668e-08
1154,7.1464195e-10,0,1.7319836e-13,3.9184724e-07
1155,7.0544789e-10,0,1.7097011e-13,1.5194937e-07
1156,7.0416458e-10,0,1.706591e-13,4.6087431e-08
1157,7.0125023e-10,0,1.6995278e-13,3.3158737e-12
1158,6.9113944e-10,0,1.6750236e-13,4.4965836e-08
1159,6.8796944e-10,0,1.6673409e-13,6.7160967e-08
1160,6.8031969e-10,0,1.6488012e-13,3.5192967e-08
1161,6.677085e-10,0,1.6182372e-13,7.303286e-09
1162,6.6764302e-10,0,1.6180785e-13,1.2591436e-09
1163,6.5015189e-10,0,1.5756875e-13,7.7474728e-09
1164,6.4367814e-10,0,1.5599979e-13,4.5149458e-08
1165,6.3697689e-10,0,1.543757e-13,4.3150087e-09
1166,6.2860663e-10,0,1.5234711e-13,8.3754881e-09
1167,6.2236262e-10,0,1.5083383e-13,1.0942896e-07
1168,6.1691666e-10,0,1.4951397e-13,2.340957e-07
1169,6.0765883e-10,0,1.4727027e-13,6.2705047e-09
1170,6.0080998e-10,0,1.456104e-13,8.8681343e-09
1171,6.0024178e-10,0,1.4547269e-13,6.9517445e-10
1172,5.9333267e-10,0,1.4379823e-13,5.1664076e-10
1173,5.9188548e-10,0,1.4344749e-13,7.0877287e-08
1174,5.8075051e-10,0,1.4074885e-13,5.0814305e-10
1175,5.7259771e-10,0,1.3877296e-13,5.8182799e-08
1176,5.6479323e-10,0,1.368815e-13,2.3282495e-08
1177,5.5454913e-10,0,1.3439877e-13,6.4630966e-08
1178,5.5303913e-10,0,1.3403281e-13,1.6220729e-07
1179,5.4490224e-10,0,1.3206078e-13,3.0476583e-10
1180,5.4086713e-10,0,1.3108284e-13,6.9271715e-08
1181,5.4073891e-10,0,1.3105177e-13,7.5524684e-11
1182,5.3215415e-10,0,1.2897119e-13,8.0551077e-08
1183,5.2479902e-10,0,1.2718863e-13,3.3492321e-08
1184,5.2411108e-10,0,1.270219e-13,9.9388069e-09
1185,5.1494134e-10,0,1.2479955e-13,6.5107992e-08
1186,5.0915383e-10,0,1.2339691e-13,2.9804103e-08
1187,5.0755188e-10,0,1.2300866e-13,2.3035996e-08
1188,5.0267332e-10,0,1.2182631e-13,6.9475478e-09
1189,5.010086e-10,0,1.2142286e-13,3.8107678e-08
1190,4.942026e-10,0,1.1977338e-13,1.7264316e-08
1191,4.9253024e-10,0,1.1936807e-13,1.3292248e-08
1192,4.8866634e-10,0,1.1843162e-13,4.6278421e-08
1193,4.8055835e-10,0,1.164666e-13,1.3655089e-08
1194,4.6803e-10,0,1.1343027e-13,1.9252069e-08
1195,4.6235911e-10,0,1.1205589e-13,6.6507769e-08
1196,4.6149878e-10,0,1.1184738e-13,5.8077333e-09
1197,4.5806434e-10,0,1.1101502e-13,1.3391011e-09
1198,4.5480773e-10,0,1.1022576e-13,1.3688648e-10
1199,4.4698999e-10,0,1.0833108e-13,2.4783231e-07
1200,4.3729109e-10,0,1.0598048e-13,1.1407631e-07
1201,4.3721104e-10,0,1.0596108e-13,6.4790527e-08
1202,4.3188798e-10,0,1.04671e-13,4.8314047e-09
1203,4.2872451e-10,0,1.0390431e-13,1.4831447e-09
1204,4.2192625e-10,0,1.0225671e-13,2.9444752e-07
1205,4.1536406e-10,0,1.0066632e-13,5.9928685e-09
1206,4.1164243e-10,0,9.9764354e-14,2.7209043e-09
1207,4.0837439e-10,0,9.8972323e-14,7.2848658e-08
1208,4.0364124e-10,0,9.7825211e-14,9.8875394e-09
1209,4.0294018e-10,0,9.7655305e-14,1.0216132e-07
1210,3.9466538e-10,0,9.5649851e-14,1.690158e-08
1211,3.9172284e-10,0,9.4936705e-14,1.0046006e-08
1212,3.8937399e-10,0,9.4367446e-14,1.9332854e-09
1213,3.8558831e-10,0,9.344996e-14,2.2558411e-08
1214,3.7938809e-10,0,9.1947295e-14,2.2319533e-08
1215,3.7222919e-10,0,9.0212286e-14,2.9573131e-09
1216,3.7210238e-10,0,9.0181553e-14,4.0599142e-08
1217,3.6341155e-10,0,8.8075271e-14,1.2816361e-09
1218,3.6062932e-10,0,8.7400979e-14,3.0177703e-09
1219,3.5654056e-10,0,8.641004e-14,9.6971725e-10
1220,3.5262377e-10,0,8.5460778e-14,9.890338e-09
1221,3.4589318e-10,0,8.3829575e-14,8.7875736e-08
1222,3.4496531e-10,0,8.36047e-14,2.8392303e-10
1223,3.4475062e-10,0,8.3552667e-14,8.8826433e-09
1224,3.4072391e-10,0,8.2576766e-14,4.8045158e-10
1225,3.345166e-10,0,8.1072383e-14,2.6673813e-09
1226,3.2724678e-10,0,7.9310491e-14,6.5523558e-10
1227,3.2561928e-10,0,7.8916057e-14,7.5809228e-08
1228,3.2328063e-10,0,7.834927e-14,3.5106023e-08
1229,3.1700133e-10,0,7.6827436e-14,1.4768854e-08
1230,3.1091449e-10,0,7.5352249e-14,2.9781339e-08
1231,3.0924955e-10,0,7.494874e-14,2.6183382e-08
1232,3.0245602e-10,0,7.3302283e-14,4.760651e-09
1233,3.0184054e-10,0,7.3153116e-14,2.9314309e-08
1234,2.9922013e-10,0,7.2518043e-14,1.9565208e-09
1235,2.9905363e-10,0,7.2477691e-14,7.3610479e-11
1236,2.9249999e-10,0,7.088937e-14,3.4176803e-09
1237,2.9026913e-10,0,7.0348707e-14,2.0230909e-08
1238,2.8702185e-10,0,6.9561706e-14,6.6444446e-12
1239,2.8617993e-10,0,6.9357661e-14,2.5018342e-10
1240,2.8284684e-10,0,6.8549863e-14,6.9793434e-09
1241,2.7968378e-10,0,6.7783273e-14,4.8307137e-09
1242,2.7513908e-10,0,6.6681836e-14,1.0268404e-08
1243,2.7507519e-10,0,6.6666351e-14,2.1541866e-09
1244,2.7481773e-10,0,6.6603955e-14,1.3102574e-08
1245,2.6899614e-10,0,6.5193051e-14,9.9284735e-10
1246,2.6770969e-10,0,6.4881271e-14,1.1743673e-08
1247,2.6156634e-10,0,6.3392389e-14,1.1938796e-10
1248,2.584736e-10,0,6.2642842e-14,1.8686084e-08
1249,2.5777508e-10,0,6.2473551e-14,1.3551009e-08
1250,2.5554361e-10,0,6.193274e-14,1.2584124e-09
1251,2.5333985e-10,0,6.1398643e-14,2.0457277e-08
1252,2.4918591e-10,0,6.0391908e-14,8.5369615e-09
1253,2.4334199e-10,0,5.8975594e-14,2.5801031e-10
1254,2.4140553e-10,0,5.8506279e-14,5.1858477e-10
1255,2.4099554e-10,0,5.8406915e-14,1.2879299e-09
1256,2.3953958e-10,0,5.8054053e-14,2.5515117e-08
1257,2.375656e-10,0,5.7575646e-14,2.2008074e-10
1258,2.3283882e-10,0,5.6430078e-14,4.9125917e-08
1259,2.3254465e-10,0,5.6358784e-14,4.850363e-10
1260,2.3233679e-10,0,5.6308407e-14,8.1246221e-09
1261,2.2896681e-10,0,5.549167e-14,3.1768892e-08
1262,2.2819872e-10,0,5.5305518e-14,7.9523066e-09
1263,2.2153734e-10,0,5.3691087e-14,1.4328835e-08
1264,2.2118673e-10,0,5.3606114e-14,2.9201103e-09
1265,2.1624342e-10,0,5.2408069e-14,1.7434518e-09
1266,2.1532125e-10,0,5.2184575e-14,5.233734e-11
1267,2.1305817e-10,0,5.1636101e-14,3.0767611e-10
1268,2.1238668e-10,0,5.1473362e-14,3.3468039e-09
1269,2.0756634e-10,0,5.0305121e-14,4.0752737e-08
1270,2.0484386e-10,0,4.9645308e-14,1.7590931e-08
1271,2.0213192e-10,0,4.8988053e-14,2.9740466e-10
1272,2.0097721e-10,0,4.87082e-14,4.8597863e-09
1273,1.986014e-10,0,4.8132407e-14,4.7866072e-10
1274,1.9748669e-10,0,4.7862249e-14,8.5721689e-11
1275,1.938314e-10,0,4.6976363e-14,1.6700585e-11
1276,1.9353934e-10,0,4.6905581e-14,6.930632e-08
1277,1.8849859e-10,0,4.568392e-14,1.6767587e-08
1278,1.8683368e-10,0,4.5280418e-14,7.6833523e-10
1279,1.8576901e-10,0,4.5022388e-14,2.2993683e-10
1280,1.8462336e-10,0,4.4744732e-14,4.0451094e-10
1281,1.8388768e-10,0,4.4566436e-14,2.2526146e-10
1282,1.8003756e-10,0,4.3633333e-14,1.9072295e-10
1283,1.7827592e-10,0,4.3206386e-14,5.4073543e-08
1284,1.7687732e-10,0,4.2867427e-14,8.1402108e-10
1285,1.7269968e-10,0,4.1854947e-14,1.1266512e-09
1286,1.7229856e-10,0,4.1757733e-14,8.5791695e-09
1287,1.7203842e-10,0,4.1694685e-14,3.2636262e-09
1288,1.6956029e-10,0,4.1094095e-14,3.8430034e-11
1289,1.6491382e-10,0,3.996799e-14,7.2059012e-09
1290,1.6463368e-10,0,3.9900096e-14,4.5501518e-09
1291,1.6288307e-10,0,3.9475824e-14,2.3270493e-08
1292,1.6267736e-10,0,3.942597e-14,2.4478386e-08
1293,1.603041e-10,0,3.8850793e-14,2.4056706e-10
1294,1.5835603e-10,0,3.8378665e-14,5.4775196e-09
1295,1.5812827e-10,0,3.8323466e-14,7.9067578e-09
1296,1.5604189e-10,0,3.7817818e-14,1.5097063e-08
1297,1.5415507e-10,0,3.7360533e-14,1.100699e-09
1298,1.5267167e-10,0,3.7001023e-14,5.1329644e-08
1299,1.4915518e-10,0,3.6148777e-14,2.3434211e-09
1300,1.4812939e-10,0,3.590017e-14,5.1012362e-09
1301,1.44939e-10,0,3.5126956e-14,2.6552428e-08
1302,1.4239706e-10,0,3.45109e-14,7.2960649e-09
1303,1.4206591e-10,0,3.4430643e-14,1.708683e-08
1304,1.4044048e-10,0,3.4036709e-14,2.3717734e-09
1305,1.3910372e-10,0,3.3712736e-14,1.0774447e-08
1306,1.3896775e-10,0,3.3679784e-14,7.3373924e-09
1307,1.3612395e-10,0,3.2990569e-14,2.5589412e-08
1308,1.3435914e-10,0,3.2562854e-14,4.1540139e-08
1309,1.3330148e-10,0,3.2306524e-14,9.3574107e-10
1310,1.3207061e-10,0,3.2008214e-14,4.7094264e-09
1311,1.289623e-10,0,3.1254894e-14,5.2843601e-12
1312,1.2800158e-10,0,3.1022058e-14,1.2610389e-09
1313,1.276032e-10,0,3.0925507e-14,4.2674075e-09
1314,1.2743316e-10,0,3.0884297e-14,1.7472919e-08
1315,1.234029e-10,0,2.9907537e-14,3.7694794e-09
1316,1.2148789e-10,0,2.944342e-14,1.8553228e-09
1317,1.2061151e-10,0,2.9231023e-14,3.7185192e-09
1318,1.1961291e-10,0,2.8989006e-14,1.4152059e-09
1319,1.1754772e-10,0,2.8488493e-14,4.9919389e-11
1320,1.1508741e-10,0,2.7892219e-14,2.2069923e-08
1321,1.1476664e-10,0,2.7814479e-14,1.9590659e-10
1322,1.1451373e-10,0,2.7753185e-14,3.6988021e-09
1323,1.1378135e-10,0,2.7575688e-14,3.5030234e-11
1324,1.1355764e-10,0,2.7521469e-14,5.8228692e-08
1325,1.132991e-10,0,2.745881e-14,5.674642e-09
1326,1.1195269e-10,0,2.7132499e-14,3.5405767e-08
1327,1.0938242e-10,0,2.6509578e-14,5.0452542e-11
1328,1.0775841e-10,0,2.6115988e-14,2.5522573e-10
1329,1.0767804e-10,0,2.6096508e-14,9.6984983e-10
1330,1.0557699e-10,0,2.5587304e-14,6.9051084e-09
1331,1.0435412e-10,0,2.5290934e-14,1.5413145e-09
1332,1.0412326e-10,0,2.5234982e-14,1.5763962e-08
1333,1.0202695e-10,0,2.4726929e-14,1.4712293e-10
1334,1.0075732e-10,0,2.4419224e-14,3.9194046e-10
1335,9.8821026e-11,0,2.3949951e-14,2.7720367e-09
1336,9.8814883e-11,0,2.3948462e-14,2.4814467e-10
1337,9.6079939e-11,0,2.3285629e-14,3.9602729e-11
1338,9.5801841e-11,0,2.321823e-14,1.7339903e-08
1339,9.4898571e-11,0,2.2999317e-14,1.1569664e-08
1340,9.3427414e-11,0,2.2642772e-14,3.4153827e-10
1341,9.2378266e-11,0,2.2388504e-14,6.3271775e-10
1342,9.1322565e-11,0,2.2132647e-14,2.4776947e-09
1343,9.0428827e-11,0,2.1916044e-14,1.2382282e-08
1344,9.0190477e-11,0,2.1858278e-14,5.7957803e-09
1345,8.926929e-11,0,2.1635022e-14,2.9708955e-09
1346,8.7512266e-11,0,2.1209195e-14,1.1717423e-09
1347,8.7170394e-11,0,2.112634e-14,3.1826331e-09
1348,8.6762348e-11,0,2.1027447e-14,5.0774789e-09
1349,8.5713312e-11,0,2.0773207e-14,6.352577e-09
1350,8.5673261e-11,0,2.07635e-14,8.5445813e-09
1351,8.4428435e-11,0,2.0461808e-14,3.738074e-08
1352,8.3830326e-11,0,2.0316852e-14,1.8660895e-10
1353,8.3383228e-11,0,2.0208495e-14,1.8971729e-08
1354,8.2778235e-11,0,2.0061871e-14,3.1062301e-09
1355,8.0011614e-11,0,1.9391361e-14,7.9935453e-13
1356,7.9766853e-11,0,1.9332042e-14,6.6290442e-09
1357,7.9152438e-11,0,1.9183134e-14,5.7175144e-10
1358,7.8462311e-11,0,1.9015877e-14,9.448004e-10
1359,7.4754183e-11,0,1.8117187e-14,4.8212057e-09
1360,7.4491027e-11,0,1.8053409e-14,1.5922676e-08
1361,7.4044792e-11,0,1.7945261e-14,8.8731601e-09
1362,7.3418665e-11,0,1.7793515e-14,2.767319e-09
1363,7.3290573e-11,0,1.7762471e-14,5.2206478e-09
1364,7.294801e-11,0,1.7679449e-14,2.9902193e-10
1365,7.2812586e-11,0,1.7646628e-14,1.6682818e-08
1366,7.2172589e-11,0,1.749152e-14,6.5597968e-10
1367,7.1878747e-11,0,1.7420305e-14,1.769198e-09
1368,7.1458665e-11,0,1.7318496e-14,1.9018077e-08
1369,6.9392268e-11,0,1.681769e-14,5.5817276e-09
1370,6.8246582e-11,0,1.6540025e-14,2.1294348e-08
1371,6.7678883e-11,0,1.6402439e-14,1.8463855e-08
1372,6.7009166e-11,0,1.6240129e-14,2.9691528e-09
1373,6.5432865e-11,0,1.5858102e-14,1.0403495e-09
1374,6.4699189e-11,0,1.568029e-14,1.9813717e-08
1375,6.3080841e-11,0,1.5288073e-14,7.8564381e-09
1376,6.264411e-11,0,1.5182228e-14,2.1467618e-10
1377,6.1880921e-11,0,1.4997264e-14,8.9736943e-10
1378,6.1743369e-11,0,1.4963927e-14,6.7665078e-10
1379,6.0103513e-11,0,1.4566497e-14,5.9133998e-09
1380,5.915166e-11,0,1.4335809e-14,9.2599029e-10
1381,5.9005748e-11,0,1.4300446e-14,4.3988254e-10
1382,5.8612203e-11,0,1.4205068e-14,1.2971958e-09
1383,5.8277366e-11,0,1.4123918e-14,4.3638992e-09
1384,5.8197486e-11,0,1.4104558e-14,9.9263742e-11
1385,5.769064e-11,0,1.3981721e-14,4.070193e-10
1386,5.6885611e-11,0,1.3786616e-14,4.5135725e-10
1387,5.673546e-11,0,1.3750226e-14,8.9628263e-10
1388,5.558449e-11,0,1.3471281e-14,1.5189123e-09
1389,5.4601824e-11,0,1.3233125e-14,1.2355512e-10
1390,5.4522293e-11,0,1.321385e-14,6.256731e-10
1391,5.4382863e-11,0,1.3180058e-14,8.5820731e-09
1392,5.405798e-11,0,1.3101321e-14,1.3248081e-09
1393,5.2389728e-11,0,1.2697008e-14,3.8445291e-10
1394,5.2248254e-11,0,1.2662721e-14,1.6276124e-10
1395,5.1458967e-11,0,1.2471432e-14,5.377863e-09
1396,5.1381137e-11,0,1.245257e-14,2.36359e-10
1397,4.9879744e-11,0,1.2088697e-14,1.647633e-10
1398,4.9182593e-11,0,1.1919737e-14,6.4653315e-09
1399,4.9065937e-11,0,1.1891465e-14,4.9108339e-10
1400,4.8067415e-11,0,1.1649466e-14,1.6660289e-13
1401,4.6939644e-11,0,1.1376143e-14,9.1442358e-10
1402,4.6660908e-11,0,1.130859e-14,4.086996e-09
1403,4.6169093e-11,0,1.1189395e-14,3.1762142e-11
1404,4.6016191e-11,0,1.1152338e-14,3.4504145e-08
1405,4.5255911e-11,0,1.0968079e-14,4.6048314e-10
1406,4.5247413e-11,0,1.096602e-14,1.5078017e-08
1407,4.4821928e-11,0,1.08629e-14,1.9928483e-08
1408,4.4477525e-11,0,1.0779432e-14,6.3293454e-09
1409,4.3879199e-11,0,1.0634424e-14,8.4324778e-09
1410,4.2688074e-11,0,1.0345746e-14,1.6114097e-09
1411,4.2172973e-11,0,1.0220908e-14,7.0539849e-09
1412,4.1612044e-11,0,1.0084963e-14,1.424039e-09
1413,4.1410219e-11,0,1.0036049e-14,8.4679062e-11
1414,4.091315e-11,0,9.9155814e-15,1.0672259e-08
1415,4.0438497e-11,0,9.800546e-15,1.2566162e-09
1416,4.0046269e-11,0,9.7054868e-15,1.2125054e-09
1417,3.9645802e-11,0,9.6084309e-15,5.3444906e-09
1418,3.9304637e-11,0,9.5257472e-15,4.6897794e-12
1419,3.9102997e-11,0,9.4768785e-15,4.6809642e-10
1420,3.868892e-11,0,9.3765241e-15,3.7826261e-13
1421,3.8568404e-11,0,9.3473161e-15,1.145536e-09
1422,3.7602654e-11,0,9.1132601e-15,8.1422845e-10
1423,3.7366229e-11,0,9.0559607e-15,3.861817e-09
1424,3.6768975e-11,0,8.9112121e-15,1.2050721e-09
1425,3.6287511e-11,0,8.7945261e-15,1.5595927e-09
1426,3.6052314e-11,0,8.7375245e-15,1.938391e-10
1427,3.5788461e-11,0,8.6735778e-15,2.7900879e-09
1428,3.5082765e-11,0,8.5025477e-15,1.8327461e-09
1429,3.4572226e-11,0,8.3788151e-15,1.5333245e-11
1430,3.4448556e-11,0,8.3488428e-15,2.3779955e-10
1431,3.4109059e-11,0,8.2665635e-15,7.125299e-11
1432,3.3895757e-11,0,8.2148683e-15,4.3636294e-10
1433,3.3829175e-11,0,8.1987315e-15,9.4335492e-10
1434,3.3513003e-11,0,8.1221051e-15,3.9651813e-10
1435,3.248967e-11,0,7.8740934e-15,7.8022683e-09
1436,3.2137997e-11,0,7.7888632e-15,1.692086e-09
1437,3.1857963e-11,0,7.7209949e-15,1.6683002e-09
1438,3.1394421e-11,0,7.6086525e-15,3.0883089e-09
1439,3.1323162e-11,0,7.5913823e-15,4.9899966e-10
1440,3.0872383e-11,0,7.482133e-15,6.0789707e-09
1441,3.0323753e-11,0,7.3491687e-15,4.2218014e-13
1442,2.9851192e-11,0,7.2346403e-15,1.4282019e-08
1443,2.9671999e-11,0,7.1912117e-15,4.6601302e-09
1444,2.9569587e-11,0,7.1663913e-15,1.3173859e-10
1445,2.9469263e-11,0,7.1420772e-15,1.1453373e-10
1446,2.9263758e-11,0,7.0922716e-15,2.2110506e-10
1447,2.9059413e-11,0,7.0427472e-15,4.7706744e-10
1448,2.8779326e-11,0,6.9748663e-15,1.0361123e-12
1449,2.8638126e-11,0,6.9406455e-15,3.1681652e-10
1450,2.7423065e-11,0,6.6461672e-15,1.7695769e-08
1451,2.6946051e-11,0,6.5305595e-15,2.8609805e-09
1452,2.6549629e-11,0,6.4344839e-15,6.2117882e-09
1453,2.6526584e-11,0,6.4288987e-15,1.9185851e-08
1454,2.6196312e-11,0,6.3488552e-15,9.7822474e-10
1455,2.5764917e-11,0,6.2443036e-15,2.4885871e-11
1456,2.5648345e-11,0,6.2160517e-15,2.3708802e-10
1457,2.5447095e-11,0,6.1672772e-15,3.4666982e-10
1458,2.5091263e-11,0,6.0810388e-15,3.532984e-11
1459,2.478406e-11,0,6.0065862e-15,1.596499e-09
1460,2.470211e-11,0,5.9867251e-15,1.8623706e-10
1461,2.4290001e-11,0,5.8868477e-15,1.0984937e-10
1462,2.3684766e-11,0,5.7401648e-15,1.2266395e-09
1463,2.2852396e-11,0,5.5384342e-15,1.7518988e-11
1464,2.2796363e-11,0,5.5248544e-15,1.7860575e-09
1465,2.2718239e-11,0,5.5059204e-15,3.8899829e-12
1466,2.2425523e-11,0,5.4349786e-15,9.4916623e-10
1467,2.2281429e-11,0,5.4000566e-15,1.1968997e-09
1468,2.2240243e-11,0,5.3900747e-15,2.7621888e-11
1469,2.2007852e-11,0,5.3337533e-15,1.3327079e-09
1470,2.1703665e-11,0,5.2600313e-15,3.5725319e-09
1471,2.1266918e-11,0,5.1541827e-15,2.3285474e-09
1472,2.1230944e-11,0,5.1454644e-15,2.030118e-09
1473,2.123034e-11,0,5.1453178e-15,2.867323e-09
1474,2.1106688e-11,0,5.11535e-15,1.4118394e-09
1475,2.0904567e-11,0,5.0663647e-15,1.6319979e-10
1476,2.0665181e-11,0,5.0083477e-15,1.5817442e-09
1477,2.0566567e-11,0,4.9844479e-15,3.215412e-09
1478,2.0115727e-11,0,4.8751839e-15,5.1263192e-09
1479,1.9840498e-11,0,4.8084802e-15,1.9145154e-09
1480,1.9744039e-11,0,4.7851028e-15,5.112523e-12
1481,1.9681116e-11,0,4.769853e-15,7.6545829e-10
1482,1.9243759e-11,0,4.6638564e-15,1.5587188e-09
1483,1.9176843e-11,0,4.6476388e-15,2.3394809e-09
1484,1.8745403e-11,0,4.5430765e-15,3.8025872e-09
1485,1.8489936e-11,0,4.4811624e-15,1.0987562e-09
1486,1.8064225e-11,0,4.3779882e-15,1.6370548e-09
1487,1.7958005e-11,0,4.3522451e-15,4.955199e-10
1488,1.7858077e-11,0,4.328027e-15,5.4422798e-11
1489,1.7482322e-11,0,4.2369601e-15,1.0991247e-11
1490,1.7394844e-11,0,4.2157593e-15,5.9618962e-12
1491,1.7108817e-11,0,4.1464386e-15,9.3667832e-10
1492,1.6929721e-11,0,4.1030335e-15,2.2652651e-09
1493,1.6504781e-11,0,4.0000463e-15,2.6236634e-11
1494,1.6464381e-11,0,3.9902551e-15,2.6562306e-10
1495,1.6274248e-11,0,3.9441751e-15,1.9992682e-12
1496,1.6251293e-11,0,3.9386119e-15,7.193082e-13
1497,1.621334e-11,0,3.9294137e-15,1.3159842e-10
1498,1.6116767e-11,0,3.9060084e-15,1.3081797e-09
1499,1.5754604e-11,0,3.818236e-15,2.5940193e-10
1500,1.5593517e-11,0,3.7791953e-15,7.6872658e-10
1501,1.52988e-11,0,3.7077686e-15,1.7214783e-09
1502,1.4797291e-11,0,3.5862245e-15,1.5080154e-10
1503,1.4703232e-11,0,3.5634288e-15,2.6970845e-09
1504,1.4630611e-11,0,3.5458286e-15,5.2270211e-10
1505,1.4544855e-11,0,3.525045e-15,2.647815e-09
1506,1.4277775e-11,0,3.4603162e-15,3.1194525e-11
1507,1.4275347e-11,0,3.4597278e-15,3.4169163e-10
1508,1.3986887e-11,0,3.3898175e-15,7.6023966e-10
1509,1.3933323e-11,0,3.3768361e-15,1.4256466e-11
1510,1.3421487e-11,0,3.252789e-15,9.3415966e-11
1511,1.3184009e-11,0,3.1952346e-15,2.1918783e-10
1512,1.3152052e-11,0,3.1874896e-15,5.0299723e-10
1513,1.2970824e-11,0,3.1435678e-15,1.6151163e-10
1514,1.2895981e-11,0,3.1254291e-15,6.5947708e-10
1515,1.2623161e-11,0,3.0593094e-15,3.0368415e-09
1516,1.2443872e-11,0,3.0158574e-15,1.3675969e-09
1517,1.2362184e-11,0,2.9960597e-15,2.632529e-10
1518,1.2355139e-11,0,2.9943524e-15,4.0089291e-10
1519,1.1612245e-11,0,2.8143069e-15,3.4493443e-13
1520,1.1523073e-11,0,2.7926955e-15,3.5756426e-10
1521,1.1492295e-11,0,2.7852362e-15,1.2446588e-10
1522,1.1358313e-11,0,2.7527647e-15,2.0983372e-11
1523,1.1249887e-11,0,2.7264871e-15,2.653451e-11
1524,1.120916e-11,0,2.7166165e-15,1.6092379e-11
1525,1.1136523e-11,0,2.6990124e-15,1.0602588e-09
1526,1.1090604e-11,0,2.6878837e-15,2.8926048e-11
1527,1.1021019e-11,0,2.6710193e-15,5.7356013e-10
1528,1.0771943e-11,0,2.610654e-15,4.6966372e-12
1529,1.0572649e-11,0,2.5623537e-15,8.616032e-09
1530,1.0377291e-11,0,2.5150074e-15,9.9225163e-12
1531,1.0278858e-11,0,2.4911515e-15,1.3058882e-11
1532,1.0227393e-11,0,2.4786786e-15,2.513426e-10
1533,1.017633e-11,0,2.4663031e-15,1.9646267e-09
1534,1.0102794e-11,0,2.4484811e-15,5.1961408e-10
1535,1.0095823e-11,0,2.4467917e-15,3.1650264e-12
1536,1.0059936e-11,0,2.4380942e-15,9.2967224e-10
1537,9.9264402e-12,0,2.4057406e-15,9.8909507e-10
1538,9.8064476e-12,0,2.3766596e-15,8.6379079e-10
1539,9.5834478e-12,0,2.322614e-15,6.4003827e-11
1540,9.4730451e-12,0,2.2958572e-15,1.5945878e-11
1541,9.4659254e-12,0,2.2941317e-15,2.1789024e-09
1542,9.3507418e-12,0,2.2662161e-15,1.4270972e-10
1543,9.1394708e-12,0,2.2150132e-15,8.0800852e-11
1544,9.0422449e-12,0,2.1914498e-15,1.4337622e-10
1545,9.0331746e-12,0,2.1892515e-15,1.9913271e-10
1546,8.8057401e-12,0,2.1341312e-15,1.6611167e-11
1547,8.7958201e-12,0,2.1317271e-15,4.7847751e-11
1548,8.7038903e-12,0,2.1094473e-15,6.9793234e-11
1549,8.3824309e-12,0,2.0315394e-15,2.1946491e-09
1550,8.2844103e-12,0,2.0077834e-15,8.5622955e-11
1551,8.2833497e-12,0,2.0075264e-15,1.1819787e-09
1552,8.2246341e-12,0,1.9932962e-15,1.5625103e-11
1553,8.0640946e-12,0,1.9543884e-15,3.4120981e-10
1554,8.0613257e-12,0,1.9537173e-15,1.6241077e-09
1555,8.0411905e-12,0,1.9488374e-15,3.5348544e-10
1556,7.9687493e-12,0,1.9312808e-15,5.6656007e-11
1557,7.9462223e-12,0,1.9258213e-15,5.5594307e-10
1558,7.8457935e-12,0,1.9014816e-15,1.5227267e-10
1559,7.7891616e-12,0,1.8877565e-15,1.3947389e-10
1560,7.427329e-12,0,1.8000639e-15,3.9448045e-10
1561,7.3845961e-12,0,1.7897073e-15,3.5202098e-10
1562,7.1990038e-12,0,1.7447277e-15,8.5438412e-11
1563,7.1568829e-12,0,1.7345195e-15,7.4393918e-10
1564,7.137296e-12,0,1.7297724e-15,4.882687e-11
1565,7.0511112e-12,0,1.708885e-15,4.3163179e-11
1566,6.9483885e-12,0,1.6839894e-15,1.0115219e-11
1567,6.9175377e-12,0,1.6765125e-15,5.6751428e-11
1568,6.8317559e-12,0,1.6557227e-15,2.0061895e-11
1569,6.7635789e-12,0,1.6391996e-15,2.9621985e-10
1570,6.7560044e-12,0,1.6373638e-15,1.5240062e-09
1571,6.7435702e-12,0,1.6343503e-15,1.6594229e-11
1572,6.5762486e-12,0,1.5937988e-15,2.1659331e-12
1573,6.3180805e-12,0,1.53123e-15,2.3805052e-10
1574,6.3048043e-12,0,1.5280124e-15,3.4744928e-10
1575,6.2985621e-12,0,1.5264995e-15,1.3130455e-11
1576,6.2911932e-12,0,1.5247137e-15,2.9308361e-10
1577,6.2225677e-12,0,1.5080818e-15,1.2208119e-10
1578,6.0475294e-12,0,1.46566e-15,6.8147762e-10
1579,6.0144377e-12,0,1.45764e-15,3.0646367e-13
1580,6.0062198e-12,0,1.4556484e-15,3.8401654e-10
1581,5.9379505e-12,0,1.4391028e-15,6.3813957e-11
1582,5.9377222e-12,0,1.4390475e-15,3.599665e-11
1583,5.9201924e-12,0,1.4347991e-15,2.3057545e-10
1584,5.7801855e-12,0,1.4008674e-15,4.7484535e-10
1585,5.7498265e-12,0,1.3935097e-15,2.4133257e-10
1586,5.5968063e-12,0,1.3564242e-15,1.6777428e-11
1587,5.5240276e-12,0,1.3387858e-15,1.1066876e-09
1588,5.4248957e-12,0,1.3147605e-15,3.3250646e-11
1589,5.3759931e-12,0,1.3029086e-15,1.2475175e-10
1590,5.348275e-12,0,1.296191e-15,2.3286624e-09
1591,5.2786968e-12,0,1.2793282e-15,1.5061625e-11
1592,5.2001567e-12,0,1.2602935e-15,4.2717829e-11
1593,5.176952e-12,0,1.2546697e-15,2.5940193e-10
1594,5.0997403e-12,0,1.2359569e-15,2.5156816e-10
1595,5.0907231e-12,0,1.2337715e-15,6.9798839e-11
1596,5.0691184e-12,0,1.2285355e-15,1.3990767e-10
1597,5.0028936e-12,0,1.2124854e-15,2.9154031e-10
1598,5.0021373e-12,0,1.2123021e-15,2.7627641e-10
1599,4.8478388e-12,0,1.1749068e-15,2.4557197e-10
1600,4.8311765e-12,0,1.1708686e-15,2.5382265e-10
1601,4.7167761e-12,0,1.1431429e-15,4.2887901e-10
1602,4.7004406e-12,0,1.1391839e-15,2.1157252e-10
1603,4.6770177e-12,0,1.1335072e-15,2.3236072e-10
1604,4.5059741e-12,0,1.0920536e-15,5.0174029e-13
1605,4.4780843e-12,0,1.0852943e-15,4.7713594e-10
1606,4.3838047e-12,0,1.062445e-15,2.6428989e-11
1607,4.361167e-12,0,1.0569586e-15,5.811942e-10
1608,4.3205622e-12,0,1.0471178e-15,5.9713079e-13
1609,4.2810719e-12,0,1.037547e-15,3.1311547e-10
1610,4.2670505e-12,0,1.0341488e-15,8.0932815e-12
1611,4.2454032e-12,0,1.0289025e-15,3.6385772e-11
1612,4.2013084e-12,0,1.0182158e-15,6.3008924e-12
1613,4.1150991e-12,0,9.9732238e-16,2.0515999e-11
1614,4.0134304e-12,0,9.7268226e-16,1.4523164e-09
1615,3.998931e-12,0,9.6916825e-16,1.4895961e-10
1616,3.7916564e-12,0,9.1893382e-16,1.0199547e-09
1617,3.7511309e-12,0,9.091122e-16,1.507103e-10
1618,3.7494031e-12,0,9.0869346e-16,1.3660202e-09
1619,3.7317893e-12,0,9.0442462e-16,3.3667424e-10
1620,3.7270831e-12,0,9.0328404e-16,6.0652441e-11
1621,3.6278141e-12,0,8.7922551e-16,2.4207717e-10
1622,3.5672198e-12,0,8.6454008e-16,2.2174407e-10
1623,3.4852212e-12,0,8.4466716e-16,1.0136899e-11
1624,3.4540763e-12,0,8.3711898e-16,6.4548702e-12
1625,3.4064025e-12,0,8.2556491e-16,3.4755668e-10
1626,3.3970256e-12,0,8.2329236e-16,2.471495e-10
1627,3.3705778e-12,0,8.1688256e-16,1.386297e-11
1628,3.3651147e-12,0,8.1555852e-16,9.1993741e-11
1629,3.3638322e-12,0,8.152477e-16,1.5177753e-11
1630,3.3295775e-12,0,8.0694585e-16,2.0665625e-11
1631,3.2722912e-12,0,7.9306212e-16,3.7646524e-11
1632,3.2618687e-12,0,7.9053615e-16,1.3473981e-11
1633,3.257775e-12,0,7.8954403e-16,5.7436792e-11
1634,3.2538049e-12,0,7.8858183e-16,1.3052012e-10
1635,3.1508002e-12,0,7.6361795e-16,1.2149387e-12
1636,3.0328363e-12,0,7.3502858e-16,4.8828755e-10
1637,3.0156174e-12,0,7.3085547e-16,3.2601028e-12
1638,3.0035967e-12,0,7.2794218e-16,3.965962e-11
1639,2.9893856e-12,0,7.2449803e-16,4.5683037e-10
1640,2.9526107e-12,0,7.1558537e-16,5.877042e-11
1641,2.9447552e-12,0,7.1368154e-16,2.9013073e-11
1642,2.8174731e-12,0,6.8283385e-16,1.8760932e-10
1643,2.8097089e-12,0,6.8095214e-16,2.5159606e-10
1644,2.8067819e-12,0,6.8024276e-16,5.7235324e-10
1645,2.8030148e-12,0,6.7932978e-16,7.9379326e-11
1646,2.7426001e-12,0,6.6468787e-16,2.3502219e-10
1647,2.7143943e-12,0,6.5785199e-16,6.1011591e-10
1648,2.7121881e-12,0,6.573173e-16,1.0161312e-10
1649,2.7113949e-12,0,6.5712508e-16,6.0635634e-10
1650,2.6611808e-12,0,6.4495534e-16,4.4557686e-14
1651,2.5777314e-12,0,6.247308e-16,1.6580509e-10
1652,2.5689009e-12,0,6.2259067e-16,6.6405825e-10
1653,2.5393653e-12,0,6.1543252e-16,7.6487482e-12
1654,2.4536496e-12,0,5.9465874e-16,1.0898477e-10
1655,2.4517837e-12,0,5.9420653e-16,1.7398132e-10
1656,2.4303967e-12,0,5.8902324e-16,1.3700714e-10
1657,2.388941e-12,0,5.7897618e-16,1.3404672e-10
1658,2.3865586e-12,0,5.7839879e-16,8.0635694e-12
1659,2.3499908e-12,0,5.6953631e-16,4.4585371e-11
1660,2.3278618e-12,0,5.641732e-16,1.224381e-12
1661,2.3060047e-12,0,5.5887598e-16,8.1712359e-13
1662,2.2873546e-12,0,5.5435602e-16,6.6478732e-10
1663,2.2626644e-12,0,5.4837216e-16,6.0123475e-12
1664,2.2528883e-12,0,5.4600287e-16,1.3066836e-11
1665,2.2441173e-12,0,5.4387715e-16,9.8503648e-10
1666,2.1752008e-12,0,5.2717477e-16,6.133345e-11
1667,2.1525578e-12,0,5.2168708e-16,6.7861456e-10
1668,2.0781892e-12,0,5.0366335e-16,2.0211805e-11
1669,2.0471437e-12,0,4.9613925e-16,2.4168133e-10
1670,2.0225855e-12,0,4.901874e-16,2.179796e-10
1671,2.0099551e-12,0,4.8712634e-16,1.5888116e-12
1672,2.0081859e-12,0,4.8669756e-16,6.7813835e-10
1673,1.9836318e-12,0,4.8074671e-16,1.6086624e-11
1674,1.9554223e-12,0,4.7390994e-16,3.3931036e-11
1675,1.9406036e-12,0,4.7031855e-16,2.9370098e-12
1676,1.9104066e-12,0,4.6300008e-16,1.8810988e-11
1677,1.8999585e-12,0,4.6046793e-16,3.1059682e-11
1678,1.8849863e-12,0,4.5683931e-16,5.7080294e-10
1679,1.7948527e-12,0,4.3499481e-16,5.4039821e-10
1680,1.7813885e-12,0,4.3173167e-16,2.4189828e-11
1681,1.7742047e-12,0,4.2999064e-16,1.8788358e-10
1682,1.7488284e-12,0,4.2384051e-16,4.7585453e-11
1683,1.7483177e-12,0,4.2371674e-16,4.7302472e-15
1684,1.7419548e-12,0,4.2217463e-16,8.2763092e-12
1685,1.7323459e-12,0,4.1984585e-16,3.3466144e-10
1686,1.7129113e-12,0,4.1513575e-16,2.1283487e-12
1687,1.6947277e-12,0,4.1072884e-16,9.3857281e-11
1688,1.6596121e-12,0,4.0221833e-16,2.2749786e-11
1689,1.6336549e-12,0,3.9592743e-16,5.604648e-12
1690,1.6189999e-12,0,3.9237567e-16,8.6465661e-13
1691,1.590201e-12,0,3.8539608e-16,4.4352371e-11
1692,1.5893402e-12,0,3.8518744e-16,1.1317365e-10
1693,1.5505947e-12,0,3.7579722e-16,2.2482614e-11
1694,1.5437666e-12,0,3.7414238e-16,7.2923628e-12
1695,1.5395721e-12,0,3.7312582e-16,4.6564085e-12
1696,1.5358507e-12,0,3.7222391e-16,2.5931727e-11
1697,1.5248444e-12,0,3.6955645e-16,1.5247468e-09
1698,1.5106572e-12,0,3.6611809e-16,5.2514976e-11
1699,1.502583e-12,0,3.6416126e-16,1.1649442e-11
1700,1.5017021e-12,0,3.6394776e-16,1.6214532e-10
1701,1.4777243e-12,0,3.5813658e-16,4.2457618e-11
1702,1.419033e-12,0,3.4391235e-16,2.3207669e-10
1703,1.3996283e-12,0,3.3920947e-16,1.1421158e-12
1704,1.394497e-12,0,3.3796588e-16,5.9227423e-10
1705,1.3273383e-12,0,3.216895e-16,3.9313864e-11
1706,1.2905133e-12,0,3.1276472e-16,6.1162835e-11
1707,1.2708557e-12,0,3.0800057e-16,7.8526704e-13
1708,1.2484887e-12,0,3.0257977e-16,4.8089441e-11
1709,1.2266081e-12,0,2.9727684e-16,3.5208e-11
1710,1.2251479e-12,0,2.9692296e-16,1.1840169e-10
1711,1.2245892e-12,0,2.9678755e-16,5.3235116e-11
1712,1.2159951e-12,0,2.9470471e-16,4.5715577e-11
1713,1.1901349e-12,0,2.8843733e-16,5.3677443e-12
1714,1.1841144e-12,0,2.8697821e-16,2.3486548e-13
1715,1.1788432e-12,0,2.857007e-16,3.7356146e-11
1716,1.1648367e-12,0,2.8230612e-16,6.2302702e-11
1717,1.1615444e-12,0,2.8150823e-16,2.9618033e-11
1718,1.1194827e-12,0,2.7131429e-16,3.3497453e-10
1719,1.1160475e-12,0,2.7048174e-16,8.0597353e-11
1720,1.0985034e-12,0,2.662298e-16,1.5895865e-10
1721,1.0879379e-12,0,2.6366919e-16,3.1402309e-10
1722,1.0831377e-12,0,2.6250581e-16,1.13922e-10
1723,1.0760529e-12,0,2.6078877e-16,5.3453267e-13
1724,1.0529622e-12,0,2.5519258e-16,1.7204285e-11
1725,1.0362286e-12,0,2.5113709e-16,8.3132227e-11
1726,1.0312145e-12,0,2.4992187e-16,4.4767978e-10
1727,1.0285133e-12,0,2.4926722e-16,3.0843005e-12
1728,1.0195397e-12,0,2.470924e-16,1.6754885e-10
1729,1.0034406e-12,0,2.4319069e-16,4.0181713e-12
1730,9.9576556e-13,0,2.4133059e-16,4.9922506e-11
1731,9.9132778e-13,0,2.4025506e-16,1.1939439e-10
1732,9.9009341e-13,0,2.399559e-16,5.4595942e-11
1733,9.8604618e-13,0,2.3897503e-16,1.3803686e-10
1734,9.8038308e-13,0,2.3760254e-16,3.6036113e-10
1735,9.6512118e-13,0,2.3390371e-16,1.2172177e-10
1736,9.3686393e-13,0,2.2705537e-16,3.1220974e-11
1737,9.3026306e-13,0,2.2545561e-16,1.8531751e-10
1738,9.2497663e-13,0,2.241744e-16,9.4464162e-11
1739,9.053152e-13,0,2.1940932e-16,1.8981374e-10
1740,9.0225313e-13,0,2.1866721e-16,1.6416192e-11
1741,9.0138972e-13,0,2.1845796e-16,9.8118304e-11
1742,8.7517913e-13,0,2.1210564e-16,9.924756e-11
1743,8.6428471e-13,0,2.094653e-16,4.1020234e-11
1744,8.6284646e-13,0,2.0911673e-16,4.7013926e-11
1745,8.5727751e-13,0,2.0776706e-16,1.3594232e-10
1746,8.5433514e-13,0,2.0705396e-16,1.3199493e-11
1747,8.5161818e-13,0,2.0639548e-16,1.8172375e-11
1748,8.2752686e-13,0,2.0055679e-16,1.0013513e-11
1749,8.1572782e-13,0,1.9769721e-16,1.7567243e-11
1750,8.1143224e-13,0,1.9665615e-16,1.8923334e-10
1751,7.9603205e-13,0,1.9292381e-16,9.0796885e-11
1752,7.9514186e-13,0,1.9270806e-16,4.3468128e-11
1753,7.8345549e-13,0,1.8987579e-16,2.3400541e-13
1754,7.8324574e-13,0,1.8982495e-16,7.9037909e-13
1755,7.7926598e-13,0,1.8886043e-16,3.2544891e-12
1756,7.7748518e-13,0,1.8842884e-16,6.6218643e-12
1757,7.710187e-13,0,1.8686165e-16,2.1267429e-12
1758,7.6341885e-13,0,1.8501977e-16,2.3703229e-12
1759,7.5409698e-13,0,1.8276055e-16,2.0192641e-10
1760,7.3111169e-13,0,1.7718991e-16,9.8446314e-12
1761,7.1890853e-13,0,1.7423239e-16,1.0789165e-12
1762,7.030258e-13,0,1.703831e-16,8.5622895e-11
1763,6.8521499e-13,0,1.6606653e-16,3.6413977e-10
1764,6.7682592e-13,0,1.6403338e-16,1.3488592e-13
1765,6.566654e-13,0,1.5914734e-16,3.8205449e-13
1766,6.5361611e-13,0,1.5840833e-16,1.9626284e-10
1767,6.5219223e-13,0,1.5806324e-16,4.5057056e-11
1768,6.4783825e-13,0,1.5700803e-16,6.3578214e-12
1769,6.4707389e-13,0,1.5682278e-16,2.0828302e-11
1770,6.4592621e-13,0,1.5654463e-16,7.1489474e-11
1771,6.4201011e-13,0,1.5559554e-16,4.3094685e-12
1772,6.3277081e-13,0,1.5335633e-16,1.6643426e-12
1773,6.2828939e-13,0,1.5227022e-16,3.0253958e-10
1774,6.2193622e-13,0,1.5073049e-16,5.5331031e-13
1775,6.1862382e-13,0,1.4992771e-16,1.7255968e-12
1776,6.1610917e-13,0,1.4931827e-16,1.1397066e-11
1777,6.0113547e-13,0,1.4568929e-16,7.1804606e-12
1778,5.98157e-13,0,1.4496743e-16,3.7189145e-11
1779,5.7588496e-13,0,1.3956965e-16,4.3081764e-12
1780,5.7044759e-13,0,1.3825187e-16,3.715635e-11
1781,5.6716881e-13,0,1.3745723e-16,6.5634702e-14
1782,5.6224259e-13,0,1.3626333e-16,1.7141729e-12
1783,5.483919e-13,0,1.3290652e-16,4.7293997e-12
1784,5.4571758e-13,0,1.3225838e-16,9.8457253e-10
1785,5.4381064e-13,0,1.3179622e-16,1.6725717e-10
1786,5.3965834e-13,0,1.3078988e-16,1.0166667e-10
1787,5.3696313e-13,0,1.3013668e-16,5.0815493e-11
1788,5.2708684e-13,0,1.2774309e-16,1.3062488e-10
1789,5.2610857e-13,0,1.27506e-16,4.9645155e-13
1790,5.1881901e-13,0,1.2573933e-16,4.0977843e-11
1791,4.9184574e-13,0,1.1920217e-16,6.4607744e-13
1792,4.8217958e-13,0,1.1685951e-16,9.3750982e-12
1793,4.768966e-13,0,1.1557915e-16,9.2569729e-11
1794,4.5854376e-13,0,1.1113121e-16,1.5588812e-11
1795,4.5758287e-13,0,1.1089833e-16,4.4979919e-14
1796,4.5744798e-13,0,1.1086564e-16,7.9748482e-11
1797,4.5680165e-13,0,1.10709e-16,9.0797529e-11
1798,4.5507688e-13,0,1.1029099e-16,3.4504152e-11
1799,4.4807321e-13,0,1.085936e-16,2.1848591e-14
1800,4.4761151e-13,0,1.0848171e-16,3.6798632e-11
1801,4.4666544e-13,0,1.0825242e-16,4.2406953e-12
1802,4.3697264e-13,0,1.059033e-16,4.9487373e-11
1803,4.3664522e-13,0,1.0582395e-16,3.8709539e-12
1804,4.1263261e-13,0,1.0000433e-16,9.6554912e-12
1805,4.0833612e-13,0,9.8963047e-17,1.5746835e-10
1806,4.0773681e-13,0,9.8817801e-17,7.217333e-11
1807,4.0455331e-13,0,9.8046258e-17,6.5364429e-13
1808,4.0071468e-13,0,9.7115939e-17,9.9157265e-13
1809,3.9130252e-13,0,9.4834838e-17,2.8301908e-11
1810,3.8877191e-13,0,9.4221527e-17,1.3283784e-11
1811,3.856582e-13,0,9.3466898e-17,8.7112751e-11
1812,3.8544893e-13,0,9.341618e-17,5.7871168e-13
1813,3.8140161e-13,0,9.2435284e-17,1.452684e-11
1814,3.7093497e-13,0,8.9898623e-17,1.4488995e-10
1815,3.6673388e-13,0,8.888046e-17,4.9349504e-13
1816,3.5305272e-13,0,8.5564739e-17,1.8646226e-11
1817,3.5119645e-13,0,8.5114859e-17,2.7140847e-11
1818,3.3521176e-13,0,8.1240859e-17,9.0259141e-14
1819,3.2992732e-13,0,7.9960138e-17,1.4664828e-11
1820,3.2831233e-13,0,7.9568734e-17,2.0588489e-10
1821,3.2458544e-13,0,7.8665499e-17,2.5554945e-11
1822,3.2451766e-13,0,7.8649072e-17,4.6755131e-11
1823,3.234068e-13,0,7.8379847e-17,5.1725332e-12
1824,3.1723942e-13,0,7.6885139e-17,1.4128576e-10
1825,3.141987e-13,0,7.6148201e-17,4.5433339e-11
1826,3.0110688e-13,0,7.297531e-17,2.6636831e-12
1827,3.0071725e-13,0,7.2880878e-17,1.5314213e-11
1828,2.9907067e-13,0,7.2481819e-17,1.0433749e-11
1829,2.9723276e-13,0,7.2036388e-17,1.0437233e-10
1830,2.9034423e-13,0,7.0366907e-17,3.5798394e-11
1831,2.8371447e-13,0,6.8760139e-17,1.8411435e-11
1832,2.8183421e-13,0,6.8304445e-17,4.6462229e-12
1833,2.801506e-13,0,6.7896411e-17,4.2414541e-11
1834,2.7286364e-13,0,6.6130367e-17,4.9691734e-11
1835,2.6688742e-13,0,6.4681989e-17,9.816293e-12
1836,2.63599e-13,0,6.3885019e-17,1.4474544e-12
1837,2.6190937e-13,0,6.3475525e-17,8.1150446e-11
1838,2.5524561e-13,0,6.1860517e-17,1.0552307e-11
1839,2.4406952e-13,0,5.9151915e-17,6.9837243e-11
1840,2.4220654e-13,0,5.870041e-17,7.0567167e-11
1841,2.359312e-13,0,5.7179538e-17,3.0687638e-12
1842,2.3318849e-13,0,5.6514824e-17,9.9854492e-11
1843,2.3254234e-13,0,5.6358224e-17,2.7925032e-11
1844,2.2561024e-13,0,5.4678183e-17,5.6335771e-11
1845,2.2129997e-13,0,5.363356e-17,3.633767e-11
1846,2.1513566e-13,0,5.2139596e-17,8.7538222e-12
1847,2.149127e-13,0,5.208556e-17,1.1480795e-11
1848,2.145474e-13,0,5.1997029e-17,3.6892257e-11
1849,2.1390725e-13,0,5.1841884e-17,2.5250321e-11
1850,2.0542247e-13,0,4.9785538e-17,1.8666402e-10
1851,2.0403408e-13,0,4.9449053e-17,1.6347081e-13
1852,2.0208338e-13,0,4.8976288e-17,1.1842447e-12
1853,1.9257677e-13,0,4.6672296e-17,3.5733119e-12
1854,1.891933e-13,0,4.5852288e-17,2.0672385e-11
1855,1.8861643e-13,0,4.571248e-17,7.0714016e-13
1856,1.8852378e-13,0,4.5690025e-17,8.2842023e-11
1857,1.8838172e-13,0,4.5655598e-17,1.0827845e-11
1858,1.8836425e-13,0,4.5651363e-17,5.4454407e-12
1859,1.8260061e-13,0,4.4254504e-17,6.8265056e-13
1860,1.7648663e-13,0,4.277274e-17,4.0293194e-11
1861,1.7353802e-13,0,4.2058124e-17,1.6626588e-11
1862,1.7303581e-13,0,4.193641e-17,2.0583497e-12
1863,1.7001881e-13,0,4.120522e-17,7.7137617e-13
1864,1.6744019e-13,0,4.0580273e-17,6.092893e-12
1865,1.6080013e-13,0,3.8971009e-17,2.7888703e-11
1866,1.6027346e-13,0,3.8843367e-17,2.4397263e-13
1867,1.5346583e-13,0,3.7193491e-17,2.674209e-11
1868,1.4810351e-13,0,3.5893897e-17,1.5095767e-11
1869,1.4682074e-13,0,3.5583008e-17,3.1985441e-11
1870,1.4194757e-13,0,3.4401964e-17,3.6238355e-11
1871,1.4041208e-13,0,3.4029827e-17,1.399231e-11
1872,1.3788588e-13,0,3.3417585e-17,1.876304e-11
1873,1.3382044e-13,0,3.2432298e-17,3.377886e-12
1874,1.3239311e-13,0,3.2086375e-17,6.3153591e-11
1875,1.2697321e-13,0,3.0772825e-17,9.8543531e-11
1876,1.2566638e-13,0,3.0456104e-17,1.3610768e-11
1877,1.2207563e-13,0,2.9585864e-17,1.0361095e-11
1878,1.213594e-13,0,2.9412278e-17,8.6019893e-12
1879,1.1948196e-13,0,2.8957268e-17,4.3720991e-14
1880,1.1917921e-13,0,2.8883895e-17,3.4036496e-11
1881,1.1484347e-13,0,2.78331e-17,5.7669815e-12
1882,1.1344712e-13,0,2.7494685e-17,1.4154022e-10
1883,1.0017821e-13,0,2.4278874e-17,2.4132929e-12
1884,9.961925e-14,0,2.4143406e-17,3.0964041e-11
1885,9.8849631e-14,0,2.3956883e-17,3.9329472e-12
1886,9.8786601e-14,0,2.3941607e-17,1.2408988e-12
1887,9.5074232e-14,0,2.3041889e-17,8.8036882e-12
1888,9.4858969e-14,0,2.2989719e-17,3.9513773e-12
1889,9.3746536e-14,0,2.2720113e-17,2.2391249e-12
1890,9.2844391e-14,0,2.2501472e-17,1.87413e-12
1891,8.1893319e-14,0,1.9847405e-17,9.2291547e-13
1892,7.1017834e-14,0,1.7211657e-17,1.3850574e-12
1893,6.9495066e-14,0,1.6842604e-17,2.4720097e-13
1894,6.8821989e-14,0,1.6679479e-17,5.9120357e-11
1895,6.8429132e-14,0,1.6584267e-17,1.9434428e-10
1896,6.8278069e-14,0,1.6547656e-17,6.0453613e-12
1897,6.7439963e-14,0,1.6344536e-17,2.3966514e-11
1898,6.6070476e-14,0,1.6012631e-17,5.2422557e-12
1899,6.3224499e-14,0,1.5322889e-17,6.0419849e-13
1900,6.0728163e-14,0,1.4717885e-17,2.7034733e-11
1901,5.5040925e-14,0,1.3339544e-17,1.8266654e-12
1902,5.3426787e-14,0,1.2948347e-17,1.6447609e-11
1903,5.1196575e-14,0,1.240784e-17,9.6168631e-14
1904,5.0802873e-14,0,1.2312423e-17,9.4791146e-13
1905,5.0312054e-14,0,1.219347e-17,4.3417636e-12
1906,5.0134646e-14,0,1.2150474e-17,3.2425479e-11
1907,4.7504839e-14,0,1.1513122e-17,1.6162181e-13
1908,4.5882577e-14,0,1.1119956e-17,3.1811653e-12
1909,4.5376847e-14,0,1.0997389e-17,6.2822576e-11
1910,4.4982682e-14,0,1.090186e-17,4.7994346e-11
1911,4.1692311e-14,0,1.0104416e-17,6.6682182e-11
1912,4.1328144e-14,0,1.0016158e-17,3.6552358e-11
1913,4.1255418e-14,0,9.9985323e-18,5.416297e-13
1914,4.0562443e-14,0,9.8305851e-18,4.1998932e-12
1915,3.9651604e-14,0,9.6098371e-18,4.6717581e-14
1916,3.879667e-14,0,9.4026381e-18,5.4797182e-11
1917,3.7457251e-14,0,9.0780207e-18,5.3336208e-13
1918,3.7392727e-14,0,9.0623829e-18,1.2846005e-10
1919,3.6866436e-14,0,8.9348324e-18,1.4742181e-10
1920,3.6602793e-14,0,8.8709369e-18,9.587622e-12
1921,3.0698903e-14,0,7.4400887e-18,1.9888773e-12
1922,2.9689462e-14,0,7.195444e-18,1.2018078e-10
1923,2.7924411e-14,0,6.7676718e-18,5.0600756e-11
1924,2.7498742e-14,0,6.664508e-18,3.5340922e-11
1925,2.6217969e-14,0,6.3541037e-18,3.9264304e-11
1926,2.5959816e-14,0,6.2915386e-18,1.5928562e-14
1927,1.7723346e-14,0,4.2953739e-18,3.7320464e-11
1928,1.7698537e-14,0,4.2893613e-18,5.0268913e-12
1929,1.7454039e-14,0,4.2301055e-18,1.1995519e-10
1930,1.3884083e-14,0,3.3649024e-18,4.7667564e-11
1931,1.3194752e-14,0,3.1978383e-18,5.8716219e-12
1932,7.498768e-15,0,1.8173776e-18,4.0351574e-12
1933,5.2279138e-15,0,1.2670206e-18,1.340251e-12
1934,5.0843307e-15,0,1.2322223e-18,1.0789578e-12
1935,4.0473562e-15,0,9.8090441e-19,1.1683004e-11
1936,0,0,0,3.5831226e-11
1937,0,0,0,3.9074181e-12
1938,0,0,0,3.9572743e-12
1939,0,0,0,2.9217358e-11
1940,0,0,0,2.8083223e-12
1941,0,0,0,1.7841047e-11
1942,0,0,0,1.060084e-11
1943,0,0,0,1.0575303e-11
1944,0,0,0,7.5684954e-12
1945,0,0,0,6.4768563e-11
1946,0,0,0,2.0595015e-11
1947,0,0,0,1.0571743e-11
1948,0,0,0,6.6273729e-12
1949,0,0,0,2.1647018e-12
1950,0,0,0,1.7061904e-11
1951,0,0,0,1.0057658e-11
1952,0,0,0,9.5207753e-11
1953,0,0,0,1.4964902e-11
1954,0,0,0,2.8540924e-12
1955,0,0,0,6.4034701e-12
1956,0,0,0,2.4192397e-13
1957,0,0,0,2.2051517e-11
1958,0,0,0,1.9439942e-12
1959,0,0,0,3.4942155e-14
1960,0,0,0,3.0726412e-13
1961,0,0,0,1.1954074e-11
1962,0,0,0,4.4426189e-12
1963,0,0,0,1.9039051e-11
1964,0,0,0,6.9920941e-11
1965,0,0,0,4.2328955e-13
1966,0,0,0,4.954499e-12
1967,0,0,0,7.5793431e-12
1968,0,0,0,6.7844641e-11
1969,0,0,0,2.1457297e-11
1970,0,0,0,2.8800685e-13
1971,0,0,0,3.6168857e-13
1972,0,0,0,9.9070077e-11
1973,0,0,0,5.2023233e-11
1974,0,0,0,7.4203611e-11
1975,0,0,0,3.9520372e-11
1976,0,0,0,2.2901926e-11
1977,0,0,0,9.8330016e-11
1978,0,0,0,1.415672e-11
1979,0,0,0,2.9898195e-11
1980,0,0,0,5.9876384e-11
1981,0,0,0,9.1536674e-12
1982,0,0,0,1.5753338e-10
1983,0,0,0,1.1496858e-11
1984,0,0,0,1.6197434e-10
1985,0,0,0,7.6248369e-11
1986,0,0,0,9.4266265e-12
1987,0,0,0,3.4100678e-12
1988,0,0,0,1.3190975e-11
1989,0,0,0,2.4679921e-11
1990,0,0,0,2.0450372e-11
1991,0,0,0,8.6297796e-11
1992,0,0,0,1.8907076e-12
1993,0,0,0,4.5802993e-10
1994,0,0,0,2.8832856e-11
1995,0,0,0,3.5404217e-11
1996,0,0,0,2.9606502e-11
1997,0,0,0,3.6825464e-11
1998,0,0,0,1.6235303e-12
1999,0,0,0,2.138756e-12
2000,0,0,0,5.1322271e-11
2001,0,0,0,1.1002526e-11
2002,0,0,0,5.1173528e-11
2003,0,0,0,1.7413976e-11
2004,0,0,0,2.1549354e-11
2005,0,0,0,9.5527243e-11
2006,0,0,0,3.938716e-11
2007,0,0,0,6.7323857e-12
2008,0,0,0,2.0764326e-11
2009,0,0,0,2.1969974e-12
2010,0,0,0,1.0899364e-10
2011,0,0,0,4.8236939e-12
2012,0,0,0,5.7770023e-10
2013,0,0,0,1.9293402e-12
2014,0,0,0,1.6936381e-12
2015,0,0,0,7.6700847e-11
2016,0,0,0,3.7599117e-11
2017,0,0,0,1.0291841e-11
2018,0,0,0,5.2865946e-11
2019,0,0,0,3.8334451e-11
2020,0,0,0,2.1542586e-11
2021,0,0,0,1.380926e-11
2022,0,0,0,4.1751247e-13
2023,0,0,0,3.5837103e-11
2024,0,0,0,1.4463115e-10
2025,0,0,0,3.2613221e-10
2026,0,0,0,2.4723142e-12
2027,0,0,0,7.1360858e-11
2028,0,0,0,1.8325918e-11
2029,0,0,0,1.9598201e-10
2030,0,0,0,1.4177379e-11
2031,0,0,0,4.2674115e-11
2032,0,0,0,5.0307068e-11
2033,0,0,0,1.3228069e-12
2034,0,0,0,9.3291849e-11
2035,0,0,0,1.1421732e-10
2036,0,0,0,3.7141778e-11
2037,0,0,0,5.5987185e-12
2038,0,0,0,5.5745436e-11
2039,0,0,0,2.5078236e-11
2040,0,0,0,2.5653121e-11
2041,0,0,0,2.4255769e-10
2042,0,0,0,3.2684693e-10
2043,0,0,0,4.667226e-11
2044,0,0,0,5.423619e-11
2045,0,0,0,8.2953832e-11
2046,0,0,0,2.7529513e-12
2047,0,0,0,2.6681718e-10
2048,0,0,0,5.8787453e-12
