ansatz,N,omega,ell,log_omega,E,E_per_particle,rel_err,T_frac,Gamma,virial,BF_improvement_pct,dx_mean,dx_over_ell,dx_rank,cka_nobf_bf,r_mode,r_mode_over_ell,lindemann,r_s_gr,corr_rank
bf,12,0.001,31.622776601683796,-3.0,,,,,,,,8.5401890588541,0.27006449074428734,12.873997933041563,0.9788314700126648,118.81307397654615,3.7571992957196487,0.43424753748531847,0.16787710241710557,1.543503110770464
bf,12,0.01,10.0,-2.0,,,,,,,,0.7827231049872445,0.07827231049872445,21.11500170308893,0.9962518811225891,40.021086301590906,4.002108630159091,0.40164284080136275,25.61186969623223,1.729187388563623
bf,12,0.1,3.162277660168379,-1.0,,,,,,,,0.7487607220050365,0.23677893040080733,21.969803420947034,0.9885382652282715,9.507779444581097,3.0066238535406926,0.41348755032787243,5.91953230608859,2.8356978414918146
bf,12,0.5,1.414213562373095,-0.3010299956639812,,,,,,,,0.13764609443132328,0.09733048677623257,21.989788196946403,0.9927737712860107,3.2542715340884674,2.3011174695763046,0.425685456194004,2.433427546610192,1.9475198218210643
bf,12,1.0,1.0,0.0,,,,,,,,0.08115206639782832,0.08115206639782832,21.96720462366129,0.9974616169929504,2.049201437293453,2.049201437293453,0.4306562785759163,0.006137219219558253,1.9895429206367308
bf,2,0.01,10.0,-2.0,0.07389634348527979,0.036948171742639896,0.07630482838541297,0.13104970558728157,3.9037648230474233,1.397075775921174,-0.08209341004533148,0.41495378584781073,0.04149537858478107,1.992871615333626,0.9997751116752625,16.73775728156319,1.673775728156319,0.2559233328204816,24.523912952146254,1.2260242098754786
bf,2,0.1,3.162277660168379,-1.0,0.44075116527158725,0.22037558263579363,0.008810256224678905,0.20833479240837036,1.8779037536367789,2.0470299670976297,0.002850520796476416,0.00046563671374737735,0.000147247257763755,1.9969643259715761,1.0000001192092896,3.4303310594713867,1.0847659276348096,0.34621612952485153,4.036377097109681,1.2632494861781223
bf,2,0.5,1.414213562373095,-0.3010299956639812,1.7002972657261257,0.8501486328630629,2.4417398631211404,0.25948952956306104,1.4608088478452033,1.907041011226428,-0.17728097453546857,0.00320550268932399,0.0022666326887327086,1.9999651435729824,0.9999716281890869,1.148185866176278,0.811890012035796,0.47090904837648906,0.031820669450418636,1.3265269352135105
bf,2,1.0,1.0,0.0,2.9999359438771247,1.4999679719385623,0.002135204095843335,0.2991939470533498,0.912430915893655,3.1342267452093413,0.010278856228022284,0.0026343348985687206,0.0026343348985687206,1.9920097984866376,0.9999898672103882,0.7789463382856769,0.7789463382856769,0.4332507900147637,0.0082947046755221,1.26297213936395
bf,6,0.001,31.622776601683796,-3.0,0.1660274755510657,0.027671245925177616,83.39725244489344,0.04332450192739646,11.501357062462716,1.8398298620390408,-17.76719965554649,30.024464397102186,0.9494569302147711,6.016902578976505,0.45242977142333984,112.39313167194622,3.5541828944255864,0.37259242481477994,94.99322517807533,1.4232996350413114
bf,6,0.01,10.0,-2.0,0.6913920380443602,0.11523200634072671,13.575995244454976,0.048881854923132566,12.341766430016541,1.1531124686641279,0.03353275015292698,0.17697148744268698,0.017697148744268698,9.258337810865829,0.9996222853660583,30.295227525412894,3.0295227525412893,0.3383777659539058,28.557840168624587,1.2288358272075262
bf,6,0.1,3.162277660168379,-1.0,3.557642176987006,0.5929403628311677,0.10670616337227894,0.09253457388364565,5.852863946175748,1.3511018316711418,0.7695986977523736,0.47796492405143437,0.1511457801671927,9.982614143564785,0.9938756227493286,6.509339214053458,2.058433797905925,0.37412324837428984,6.686708436234008,1.7011262556602529
bf,6,0.5,1.414213562373095,-0.3010299956639812,11.793761501393076,1.965626916898846,0.07570320337887879,0.14526646497213463,3.241015536886272,1.6308997500189948,1.0631524208276173,0.17298347850216422,0.12231779068211769,9.994034804760817,0.9922528266906738,2.3343045454681777,1.6506025734551302,0.4009919005690751,2.076515762131417,3.0488717381878736
bf,6,1.0,1.0,0.0,20.20213848862869,3.367023081438115,0.2124004610705618,0.1829485029024799,2.327403617442137,1.8377692682206233,2.0386604182356898,0.19511074690306876,0.19511074690306876,9.907170814636338,0.9988203644752502,1.41324597739291,1.41324597739291,0.4109026819297149,0.008721946557752007,1.3834742119765033
ctnn,12,0.001,31.622776601683796,-3.0,0.5158321142639193,0.042986009521993274,48.41678857360807,0.014572847987462318,44.51808165006605,1.0379011881509548,0.12396657217833006,0.5330623837872801,0.016856912677266186,21.89717859315506,0.9997825622558594,116.5592020290073,3.6859256066338255,0.4333803959440898,2.5010322868226167,1.659563313654738
ctnn,12,0.01,10.0,-2.0,2.4741267955482877,0.20617723296235732,23.706339777414385,0.029638856965112623,21.147177546772642,1.0963463268756164,0.17931159080043188,0.2959962995517606,0.02959962995517606,21.913939405878985,0.9979024529457092,43.305997972569926,4.330599797256992,0.4007716510369237,30.223845534964905,1.5397827416762104
ctnn,12,0.1,3.162277660168379,-1.0,12.271649452400116,1.0226374543666763,0.014747155628071098,0.061831589062485266,9.455404653012865,1.2093735852066159,0.44079833925110884,0.3047562320563647,0.09637238244289327,21.907376452398715,0.9925060868263245,8.862287204137832,2.8025012843641153,0.4140695418409838,5.642172880110616,3.0836516148072026
ctnn,12,0.5,1.414213562373095,-0.3010299956639812,39.15865969568653,3.263221641307211,0.0024012102101829717,0.1056282310856003,4.965904634160943,1.4101202672868487,0.5403108030094236,0.13612589374887968,0.09625554256491228,21.891380040260923,0.9926934242248535,3.4804336652761636,2.461038246186726,0.4240862837089339,0.01226648248250109,2.323612924451858
ctnn,12,1.0,1.0,0.0,65.7054288916842,5.475452407640351,0.008110933901471532,0.1358458601432475,3.578923843436148,1.5548587210791447,0.6014477906600771,0.09126556007164721,0.09126556007164721,21.9145026299277,0.995492160320282,2.016771739291832,2.016771739291832,0.4307660421031777,0.012971038018399605,1.761658421060411
ctnn,20,0.001,31.622776601683796,-3.0,,,,,,,,0.7421582035448232,0.02346910307380491,37.68058057193248,0.9992405772209167,53.38129937056698,1.6880649047030432,0.4800078014457353,0.09011930018681699,2.5942106325662286
ctnn,20,0.01,10.0,-2.0,,,,,,,,0.4638940486842973,0.046389404868429726,37.36994482141585,0.999886691570282,25.250553287667984,2.5250553287667983,0.5078444901039098,0.4263899146843204,1.0898332065060863
ctnn,20,0.1,3.162277660168379,-1.0,,,,,,,,0.23862528669784844,0.07545994132758808,37.76327944163584,0.9967883825302124,11.9695724962748,3.7851111706735665,0.43674076408443385,6.136613061128456,2.19827920912373
ctnn,20,0.5,1.414213562373095,-0.3010299956639812,,,,,,,,0.13934677339213816,0.09853304840204608,37.591081222641066,0.9903402924537659,3.6707463862223406,2.595609661713831,0.4440781540311078,2.350325248459538,2.304808319978887
ctnn,20,1.0,1.0,0.0,,,,,,,,0.09922506594550039,0.09922506594550039,37.62834266356003,0.9910123348236084,2.368608042048602,2.368608042048602,0.4472691741206403,0.026248712548452336,2.31925755709677
ctnn,2,0.001,31.622776601683796,-3.0,0.013798048164173958,0.006899024082086979,98.62019518358261,0.06868220989610478,8.411523311425242,1.224103546667369,-0.2080907615915177,0.09559284086576521,0.003022911051418402,1.8609024500731293,0.999962568283081,64.76711683586674,2.048116066835767,0.18997649739958483,124.27884142249397,1.0001773330131842
ctnn,2,0.01,10.0,-2.0,0.07394275050045418,0.03697137525022709,0.13915289877326215,0.1272370572241936,3.9097304956861016,1.508858506526839,-0.12726757763134142,3.978659599421954e-17,3.978659599421954e-18,1.0123214673086216,1.0,14.315622450238479,1.4315622450238479,0.2588907508402087,23.589997594289365,1.0373857056628344
ctnn,2,0.1,3.162277660168379,-1.0,0.4407977395757995,0.22039886978789974,0.0017558419654416539,0.20769225078912698,1.8760943480146413,2.066763633723261,-0.0018587777079773849,1.4514365876711568e-07,4.589845496343523e-08,1.0477848205478293,0.9999998211860657,3.41527129050733,1.0800036105385762,0.342773373119126,4.66562656972469,1.308462719575378
ctnn,2,0.5,1.414213562373095,-0.3010299956639812,1.659818572806101,0.8299092864030505,0.0029264781325752214,0.2705776955066635,1.1579842977273815,2.6560150005389542,-0.011989248664281874,1.0855436483648895e-07,7.675952750327984e-08,1.7121640539345209,1.0,1.219801298375947,0.8625297697817874,0.406271932486549,0.05612090339024264,1.2483485513996138
ctnn,2,1.0,1.0,0.0,3.0000165238965915,1.5000082619482957,0.0005507965530486084,0.2977911876032303,0.9159707627339355,3.1487620080482537,0.011461280195482558,0.028999046562662147,0.028999046562662147,1.9997637044245091,0.9999392032623291,0.7310268297335425,0.7310268297335425,0.43026743041282645,0.024976613095180317,1.5270447832938887
ctnn,6,0.001,31.622776601683796,-3.0,,,,,,,,0.5273643408904897,0.01667672473967417,9.965319917902466,0.9991610646247864,120.72501889405697,3.8176603027208182,0.33258901104923766,111.29064534707061,1.520773219388642
ctnn,6,0.01,10.0,-2.0,0.6902525319520265,0.11504208865867109,13.718433505996689,0.047299503951589376,12.774726644022078,1.1533936233069109,0.21135088227839466,0.3515469543258992,0.03515469543258992,9.889004638218443,0.997933030128479,29.13140144017472,2.913140144017472,0.33906992497502886,28.358839276861346,1.3800879086204763
ctnn,6,0.1,3.162277660168379,-1.0,3.5537947060230612,0.5922991176705102,0.001555889442124188,0.09233634953790004,5.895245278801082,1.3348811348389797,0.40191096857777137,0.303548632127994,0.09599050581530251,9.972171413879693,0.9945898056030273,6.681113431146084,2.1127535748364172,0.3741446123302919,5.775093200776081,2.729192266352312
ctnn,6,0.5,1.414213562373095,-0.3010299956639812,11.78260624175465,1.9637677069591082,0.018954506343330284,0.14615132486654148,3.241593363128008,1.604538042439819,0.5479016117519271,0.13202413187660314,0.09335515893021312,9.994234189732286,0.9910648465156555,2.320050976889126,1.6405237784567754,0.3997417529790021,1.8369292090706497,2.6915924290837916
ctnn,6,1.0,1.0,0.0,20.158298808967892,3.359716468161315,0.005065602570468443,0.17925555508977029,2.3993147178590237,1.8166128336657854,0.7046094514662087,0.08867179075369203,0.08867179075369203,9.984286682065749,0.9788234829902649,1.442501856286144,1.442501856286144,0.40947038476958003,1.5131165917129668,2.685060800915454
